BLUE,-12.756641280046438,26.45196167771931
BLUE,-13.36050578731897,23.53142763028748
BLUE,-12.794967620533015,20.59606255131257
BLUE,-11.839604793647055,17.75359179666293
BLUE,-11.063111116881942,14.85976934301246
BLUE,-10.961022806019201,11.874771676075511
BLUE,-11.839516614245753,9.018292631222067
BLUE,-12.667525714706926,6.157050793565105
BLUE,-11.231942762322177,3.6866932392471767
BLUE,-8.480469100627062,2.5249415958777774
BLUE,-5.542320348413057,1.9348916792274906
BLUE,-2.559929084668795,1.6272016910610034
BLUE,0.43545617512265267,1.488494316259846
BLUE,3.4340636719201143,1.4612651030664665
BLUE,9.429386937743658,1.6173779182756505
BLUE,12.424711009023184,1.7624537493475145
BLUE,15.41860512781102,1.9346818508162755
BLUE,18.41147058137213,2.1240188985931354
BLUE,21.40379936828782,2.3216870262486395
BLUE,24.396125044076854,2.519402314415487
BLUE,27.388981415393715,2.7088829964297076
BLUE,30.382869440122818,2.8812182137633897
BLUE,33.37820210204069,3.0261171822553763
BLUE,36.375187635319435,3.130965199058238
BLUE,39.373584181590815,3.179474523353292
BLUE,42.372151580105594,3.148391606983182
BLUE,45.3671973098611,3.002735878508844
BLUE,48.348573086988864,2.6854679116467537
BLUE,51.28621489942998,2.091817647347227
BLUE,54.07697609793439,1.0126222825964248
BLUE,56.34935002363663,-0.9054443547875053
BLUE,57.30983476066582,-3.7006464132420547
BLUE,56.77845264196358,-6.631138037636518
BLUE,55.54282632709132,-9.362343166973318
BLUE,54.66205319578897,-12.2232600159236
BLUE,55.11595982614979,-15.092023262404496
BLUE,57.750857567976865,-16.409150747073127
BLUE,60.72917175916115,-16.71876204450244
BLUE,63.725788295952256,-16.634213957536232
BLUE,66.7098814423902,-16.340703584524732
BLUE,69.67883329044504,-15.919331272481045
BLUE,72.63486520171031,-15.414759857442377
BLUE,75.58100936533985,-14.855141287795078
BLUE,78.52027408984428,-14.260358724990525
BLUE,81.45555800826969,-13.646192507183045
BLUE,84.38962185821727,-13.026212818844044
BLUE,87.32522624760873,-12.413583386557761
BLUE,90.26521661385013,-11.822408362487266
BLUE,93.21261654428612,-11.269471644243765
BLUE,96.1706258351057,-10.776706791332032
BLUE,99.14240660523595,-10.37602731087074
BLUE,102.12978024075048,-10.119178992987585
BLUE,105.12722494369822,-10.099830156481232
BLUE,108.09234554693865,-10.513655030371453
BLUE,110.79187646976426,-11.769198095727731
BLUE,112.45963071476304,-14.203538394246294
BLUE,112.6517030283374,-17.17435376980717
BLUE,111.94025415012557,-20.081709825298447
BLUE,110.76508668124801,-22.838603438041716
BLUE,109.31422672378362,-25.462082392613965
BLUE,107.67208732536244,-27.97070570796474
BLUE,105.88015599556746,-30.374799977247434
BLUE,103.9597640376793,-32.677639119474506
BLUE,101.92034658980656,-34.875754437581236
BLUE,99.76265809322364,-36.95781274254641
BLUE,97.48055993332864,-38.90252000751359
BLUE,95.07241189346394,-40.68866145696654
BLUE,92.54461056276199,-42.300945844502394
BLUE,89.90778495596139,-43.72794966778757
BLUE,87.17580671853159,-44.96311243270904
BLUE,84.36486887581825,-46.00632724328209
BLUE,81.49163208877653,-46.863439624230594
BLUE,78.57204699461576,-47.54658047663561
BLUE,75.61996172694982,-48.07233350224807
BLUE,72.6465740285221,-48.46054935990993
BLUE,69.66032596896422,-48.73352568331032
BLUE,66.66704401851479,-48.91471447996972
BLUE,63.67038244224665,-49.02814163653973
BLUE,60.67237036508462,-49.09849685595913
BLUE,57.67398007904539,-49.15101780518046
BLUE,54.675753706906335,-49.21187346027416
BLUE,51.67849920151623,-49.30861655942981
BLUE,48.68412375563224,-49.470707266373154
BLUE,45.696670072438735,-49.72980592910747
BLUE,42.72358707992575,-50.11968766997208
BLUE,39.77729017806308,-50.67602175090511
BLUE,36.87637949332685,-51.43336855685739
BLUE,34.04621753857819,-52.42213403180759
BLUE,31.30425099594666,-53.63523553657812
BLUE,28.609497652233017,-54.95100957530532
BLUE,25.903211271095614,-56.24269383805927
BLUE,23.13989900748689,-57.406389033334634
BLUE,20.29740046197807,-58.35926984160638
BLUE,17.389483676572468,-59.08973347739045
BLUE,14.442226018597324,-59.64167106482826
BLUE,11.472134745884233,-60.05444677088214
BLUE,8.489064154074498,-60.3604987944139
BLUE,5.498857490381198,-60.58719287609013
BLUE,2.504907563691802,-60.75807882883831
BLUE,-0.4908232423157415,-60.89465601312429
BLUE,-3.4871650028592,-61.0172936859026
BLUE,-6.483221739836239,-61.146613896604336
BLUE,-9.477859781237072,-61.30505856414949
BLUE,-12.469027559281216,-61.51861507723919
BLUE,-15.452567887893622,-61.81965785301011
BLUE,-18.41982384110395,-62.25137976517061
BLUE,-21.352410490804516,-62.874596403947706
BLUE,-24.209545817054362,-63.77969238456234
BLUE,-26.897468812778868,-65.09969763171222
BLUE,-29.208694469652926,-66.99531819669463
BLUE,-30.82385547636946,-69.50561234128911
BLUE,-31.597488859373783,-72.393211238297
BLUE,-31.70642995729648,-75.38598651548561
BLUE,-31.290705898326195,-78.35159210954505
BLUE,-30.27319194021834,-81.16563341120953
BLUE,-28.629076799759304,-83.6652513067362
BLUE,-26.476070846794414,-85.74539968135278
BLUE,-23.98837973642887,-87.41478193041928
BLUE,-21.301938521313787,-88.74397189458762
BLUE,-18.499769072928984,-89.80976310251468
BLUE,-15.629096055825698,-90.67553617568113
BLUE,-12.716761527443936,-91.38958449628329
BLUE,-9.77844677331828,-91.9883692518439
BLUE,-6.823696781459745,-92.50029872910477
BLUE,-3.8584662009286887,-92.94779670072523
BLUE,-0.8866311032125793,-93.34926632653817
BLUE,2.089165721259036,-93.72033526920546
BLUE,5.066991101966465,-94.07481064216145
BLUE,8.045305092583618,-94.42516949167455
BLUE,11.023126896097182,-94.77968227936361
BLUE,13.99986993027673,-95.14313218754371
BLUE,16.97489713127524,-95.52035435428306
BLUE,19.947484304949427,-95.91632372107263
BLUE,22.916750097029478,-96.33644707597773
BLUE,25.881589874292075,-96.7867095301317
BLUE,28.840582440108363,-97.2738734074248
BLUE,31.791859157722172,-97.80572297830673
BLUE,34.73291847219923,-98.39136033663101
BLUE,37.66029092718094,-99.04185833434845
BLUE,40.569106896078324,-99.77071212372924
BLUE,43.45233786889614,-100.59477691629124
BLUE,46.2994617162133,-101.5357540933156
BLUE,49.094485668705545,-102.62131523263311
BLUE,51.8121404792828,-103.88752584781335
BLUE,54.411663906860085,-105.38032199360964
BLUE,56.8264805719091,-107.1549467811554
BLUE,58.95213545169574,-109.2652699714261
BLUE,60.64293986808369,-111.73545259484854
BLUE,61.7477283358965,-114.5161342391438
BLUE,62.19602628977344,-117.47543005983356
BLUE,62.0937026665096,-120.4695502871884
BLUE,61.60863114986226,-123.42752608649846
BLUE,60.87109721204614,-126.33364319659654
BLUE,59.97027749946882,-129.19372818395198
BLUE,58.96691095585298,-132.0196397600461
BLUE,57.90450937992061,-134.82396573479184
BLUE,56.81627608266061,-137.61839595616254
BLUE,55.729653329006325,-140.41345161340783
BLUE,54.6692084839307,-143.21852239671122
BLUE,53.658744266846426,-146.04194309377235
BLUE,52.72310019387082,-148.890971038244
BLUE,51.88915591077301,-151.77131925311076
BLUE,51.18776248570691,-154.68665190807604
BLUE,50.645025589879054,-157.63560798354624
BLUE,50.25297419981035,-160.60843652887158
BLUE,49.99179662189428,-163.59568511015928
BLUE,49.8404420604879,-166.59057545000383
BLUE,49.77699478804425,-169.5886725346647
BLUE,49.77908693448899,-172.58748174254683
BLUE,49.823835984782846,-175.58598500492445
BLUE,49.887802606617754,-178.5841525793541
BLUE,49.94658766132861,-181.58242250908356
BLUE,49.97430286284185,-184.5811173258824
BLUE,49.94287255554008,-187.5797269963776
BLUE,49.82178013587307,-190.5759740957108
BLUE,49.577506490242655,-193.56457825629465
BLUE,49.174109238763634,-196.53572025737208
BLUE,48.57423076917905,-199.4732794623839
BLUE,47.74281906937449,-202.3536123836247
BLUE,46.651689064563044,-205.14564844870566
BLUE,45.28531062445364,-207.81358843699257
BLUE,43.64483896605631,-210.32224292062824
BLUE,41.74848729877104,-212.6436076699518
BLUE,39.62624176846418,-214.76058563009752
BLUE,37.254705647874516,-216.59041068528666
BLUE,34.53573178128855,-217.82752109627063
BLUE,31.563319736121286,-217.9489839319389
BLUE,28.724503661113374,-217.01018907509527
BLUE,26.077851868406498,-215.6020053845845
BLUE,23.436075287144973,-214.18461553716025
BLUE,20.583278040429946,-213.29661091060737
BLUE,17.5931386659679,-213.25844547709997
BLUE,14.655415356572604,-213.84435403327578
BLUE,11.807094043670162,-214.77964419633736
BLUE,9.014911184705824,-215.87330570760358
BLUE,6.23207486861503,-216.99079787294528
BLUE,3.4146955954293503,-218.0171307440454
BLUE,0.5299208257351609,-218.83222313531854
BLUE,-2.422825993888978,-219.347994341059
BLUE,-5.413299450949552,-219.55302433001054
BLUE,-8.409213433808475,-219.45284136870578
BLUE,-11.381295223349014,-219.06165152754681
BLUE,-14.305130500905562,-218.39958818625456
BLUE,-17.16176888520897,-217.48986673651257
BLUE,-19.937310971231994,-216.35624759556833
BLUE,-22.622077927267185,-215.02157502915225
BLUE,-25.20982478107439,-213.50717213415797
BLUE,-27.696010682738148,-211.83112173622538
BLUE,-30.07808335225684,-210.0100515476695
BLUE,-32.35396261848064,-208.05781746439948
BLUE,-34.52540234371773,-205.98992476830747
BLUE,-36.60091302213567,-203.8256605005013
BLUE,-38.59093261461757,-201.5824552550108
BLUE,-40.50658848140844,-199.27535724465497
BLUE,-42.35934877966639,-196.9174038450604
BLUE,-44.160791453577474,-194.51998013737258
BLUE,-45.92251863387486,-192.09319675089023
BLUE,-47.656216916067535,-189.64629367183392
BLUE,-49.373737875379305,-187.18799863223603
BLUE,-51.08728395589168,-184.7269288173102
BLUE,-52.80965490593698,-182.27203297778115
BLUE,-54.554478753354886,-179.83306112121093
BLUE,-56.33671849485208,-177.4213271996892
BLUE,-58.17278116477152,-175.05036784831404
BLUE,-60.08107743316819,-172.7372403139459
BLUE,-62.08241335202652,-170.504277350701
BLUE,-64.19935426433574,-168.3808507991754
BLUE,-66.45582868184741,-166.40676980337793
BLUE,-68.87341467512496,-164.63436645476173
BLUE,-71.46561994910638,-163.12997860332194
BLUE,-74.22735642639927,-161.96731438270308
BLUE,-77.12650168658934,-161.21137993061458
BLUE,-80.1058189543171,-160.89474285479804
BLUE,-83.1003418190108,-161.00432888563108
BLUE,-86.05713503019064,-161.493776375582
BLUE,-88.90843702292631,-162.40618611081925
BLUE,-90.69390340940095,-164.55190528107343
BLUE,-89.47185443715637,-167.25862201366994
BLUE,-87.5941581013281,-169.5942048416258
BLUE,-85.51779370494899,-171.7573601487127
BLUE,-83.35052167235386,-173.82988189871648
BLUE,-81.1378695258943,-175.85401190697524
BLUE,-78.90492889839709,-177.85577589265372
BLUE,-76.66851859112165,-179.85366776766597
BLUE,-74.4417138965039,-181.86224961211457
BLUE,-72.23625396117436,-183.89422326270576
BLUE,-70.06391070757704,-185.96152906376497
BLUE,-67.93767853691944,-188.0761816291168
BLUE,-65.87303769544235,-190.250938753602
BLUE,-63.889506548985196,-192.49981352447998
BLUE,-62.012700513782505,-194.83832746805632
BLUE,-60.277103326673625,-197.28321098342985
BLUE,-58.730542789383605,-199.8514304641063
BLUE,-57.439004295578854,-202.5562393650391
BLUE,-56.481278879431414,-205.39584636802454
BLUE,-55.90531909735975,-208.33652261490943
BLUE,-55.73544228495808,-211.3281359548315
BLUE,-55.97960155347238,-214.31461051387325
BLUE,-56.62859955458853,-217.24004403898346
BLUE,-57.6604015029003,-220.05352772400443
BLUE,-59.04243120748288,-222.71270893744259
BLUE,-60.73853649557921,-225.18364317867804
BLUE,-62.71167732668985,-227.43973610238996
BLUE,-64.92560763712882,-229.46025146240925
BLUE,-67.33963391383523,-231.23757748494512
BLUE,-69.87312405530452,-232.8415934734524
BLUE,-72.44180942050903,-234.3891446503089
BLUE,-74.95439941711061,-236.02501904051792
BLUE,-77.22707483947937,-237.97318913950784
BLUE,-78.67819956310558,-240.55962020419466
BLUE,-78.82980801117606,-243.54130160391222
BLUE,-78.35455003973095,-246.5003097693243
BLUE,-77.65589170916957,-249.41645364241685
BLUE,-76.92837668544809,-252.32568540725111
BLUE,-76.31125496460402,-255.25988311752974
BLUE,-75.90660958128032,-258.2305587073103
BLUE,-75.7345449992271,-261.2236943358964
BLUE,-75.79997232529308,-264.22102745022084
BLUE,-76.10541367902462,-267.2034579119543
BLUE,-76.65167411034787,-270.15129067369423
BLUE,-77.4365190469918,-273.04473913663963
BLUE,-78.45569442057263,-275.8641857616659
BLUE,-79.70298309987868,-278.5904108094939
BLUE,-81.17041310270707,-281.20473362061284
BLUE,-82.84768459280298,-283.6896398557466
BLUE,-84.72303719779222,-286.0286694057777
BLUE,-86.783161032267,-288.2067374532556
BLUE,-89.01368571295228,-290.2099648986424
BLUE,-91.39756597930159,-292.0280736866084
BLUE,-93.91642190254146,-293.65404083069734
BLUE,-96.56264447677017,-295.0627474716015
BLUE,-99.34047051582502,-296.18772603546006
BLUE,-102.25082935338213,-296.89530286309844
BLUE,-105.24098212627797,-297.00672349368404
BLUE,-108.16049992232973,-296.36339254476377
BLUE,-110.79781627980896,-294.9546875570977
BLUE,-113.02083729808339,-292.95067236036846
BLUE,-114.83577473653776,-290.5673159152298
BLUE,-116.31858350690544,-287.9625054193103
BLUE,-117.54951565882533,-285.2287954801959
BLUE,-118.5921608253031,-282.4174801492966
BLUE,-119.49313843163537,-279.55741706094705
BLUE,-120.28670306335806,-276.66560699056765
BLUE,-120.99811227545314,-273.7524393727981
BLUE,-121.64645013859621,-270.82455582555383
BLUE,-122.2467751963286,-267.8864330006677
BLUE,-122.81121960882626,-264.94119509330255
BLUE,-123.3496861632317,-261.99109013263524
BLUE,-123.87065811744202,-259.03784147262934
BLUE,-124.38149243541699,-256.08282030612054
BLUE,-124.88877351130941,-253.12718642442047
BLUE,-125.39856225634145,-250.17198446112332
BLUE,-125.9165307380025,-247.21820653980683
BLUE,-126.44820976539506,-244.2668679013346
BLUE,-126.99895145068018,-241.3190300424808
BLUE,-127.57430837102294,-238.37590162777428
BLUE,-128.17976301764094,-235.43882226983015
BLUE,-128.8213686499867,-232.50943436418518
BLUE,-129.50518318996313,-229.5896194813256
BLUE,-130.23811668503947,-226.68175647276115
BLUE,-131.02745871460928,-223.78871082598167
BLUE,-131.88132445777228,-220.91406648835812
BLUE,-132.80878845930863,-218.06234091913288
BLUE,-133.81995341454495,-215.23924144232728
BLUE,-134.92603634209433,-212.4520033408691
BLUE,-136.14004348365506,-209.71010984191224
BLUE,-137.47567095941952,-207.02544198411758
BLUE,-138.94824715053346,-204.41349175769975
BLUE,-140.57371311813557,-201.8939911293141
BLUE,-142.36797969016527,-199.4919764509416
BLUE,-144.34455510019046,-197.23786321969322
BLUE,-146.51233803457927,-195.16729102666778
BLUE,-148.8728621421257,-193.31989813755888
BLUE,-151.42765952306797,-191.75332575617176
BLUE,-154.17737841580913,-190.56476392010558
BLUE,-157.09617657861463,-189.90116874237782
BLUE,-160.0861174858457,-189.94274059030624
BLUE,-162.98066897322747,-190.70496626357425
BLUE,-165.69678364061923,-191.96945641098495
BLUE,-168.2263129918033,-193.57710974599678
BLUE,-170.55821814539985,-195.46019392759013
BLUE,-172.67058364132885,-197.5867713327388
BLUE,-174.54990023550624,-199.92203923052017
BLUE,-176.19080331347004,-202.4307651030476
BLUE,-177.59420200078227,-205.0798434248383
BLUE,-178.76514823237284,-207.8396931493259
BLUE,-179.71093036958695,-210.6846963932501
BLUE,-180.43899933977764,-213.59313042877832
BLUE,-180.9636598422838,-216.54518278361144
BLUE,-181.30781326302133,-219.52381115678762
BLUE,-181.4947752955547,-222.51652751515684
BLUE,-181.54606349954008,-225.5147198579058
BLUE,-181.48167291603312,-228.51271977541074
BLUE,-181.31908643872617,-231.50704706889368
BLUE,-181.07406097081673,-234.49579230355533
BLUE,-180.76068261057605,-237.4781704705959
BLUE,-180.39170175006188,-240.45419953522452
BLUE,-179.97879304846208,-243.4244663278575
BLUE,-179.5328152996218,-246.38995832071555
BLUE,-179.06407327783467,-249.3519441163229
BLUE,-178.58270591110374,-252.31190798682331
BLUE,-178.09883719520116,-255.27146472801365
BLUE,-177.62289983518434,-258.2323048128312
BLUE,-177.16598230936347,-261.19613332020333
BLUE,-176.7401963052343,-264.1645826741971
BLUE,-176.35910397731374,-267.1390813509498
BLUE,-176.03820289740327,-270.1206457337029
BLUE,-175.79595552748123,-273.1095847166546
BLUE,-175.65410898709405,-276.10489968723414
BLUE,-175.63913088902495,-279.103431999871
BLUE,-175.78325708976774,-282.0983793216551
BLUE,-176.1248329565608,-285.07703531751457
BLUE,-176.70871632900037,-288.0174503797128
BLUE,-177.58209529706681,-290.884731276975
BLUE,-178.7881737582307,-293.6281174955893
BLUE,-180.35291430031947,-296.1834009298557
BLUE,-182.27240499746432,-298.48385620435033
BLUE,-184.50855394621362,-300.4780956195531
BLUE,-186.99938104720212,-302.14413372310173
BLUE,-189.67887387573046,-303.4867145918834
BLUE,-192.50354766985242,-304.4874803057857
BLUE,-195.4388210191642,-305.0886165370433
BLUE,-198.42968604705237,-305.27422893728806
BLUE,-201.4205157290644,-305.08137283673676
BLUE,-204.37054192237827,-304.5506913954795
BLUE,-207.25048194109536,-303.71901328627314
BLUE,-210.0383804660314,-302.6170580640617
BLUE,-212.71599677561773,-301.2688840220091
BLUE,-215.2659079911469,-299.692388736883
BLUE,-217.66914493128155,-297.9002631683163
BLUE,-219.90309535325508,-295.9011958158127
BLUE,-221.93947879520726,-293.7014061969725
BLUE,-223.74237612458,-291.30680631680434
BLUE,-225.266618970752,-288.726241027192
BLUE,-226.45615906072982,-285.97580499238285
BLUE,-227.582083260768,-283.20545267452485
BLUE,-229.71561661063316,-281.1345261848526
BLUE,-232.46124274035498,-279.95300628742336
BLUE,-235.40393488112943,-279.3943678712088
BLUE,-238.3977547629135,-279.25274900362416
BLUE,-241.39130722111713,-279.4134251593332
BLUE,-244.36231608085808,-279.81591240399814
BLUE,-247.29668602397544,-280.4314154724915
BLUE,-250.1789629627853,-281.2568750365034
BLUE,-252.99362099403743,-282.28998062411927
BLUE,-255.74410547737625,-283.4842891513873
BLUE,-258.458082818552,-284.7599400789453
BLUE,-261.1753083548425,-286.02862251376513
BLUE,-263.9263917839157,-287.22178149855426
BLUE,-266.7288200602086,-288.28821207062185
BLUE,-269.5937162050763,-289.172128733774
BLUE,-272.5233365219973,-289.807093542688
BLUE,-275.50451620306035,-290.113472601819
BLUE,-278.4984503747645,-290.00447283884955
BLUE,-281.43343386574304,-289.4073379906247
BLUE,-284.2390662789256,-288.3552557240512
BLUE,-286.8940859643949,-286.96439634880556
BLUE,-289.39134699977075,-285.306066247179
BLUE,-291.7428980155202,-283.44608594661844
BLUE,-293.98332246883825,-281.4530745515756
BLUE,-296.1606629481427,-279.3910264536164
BLUE,-298.327927295905,-277.3183433004852
BLUE,-300.5369831912924,-275.2904452170264
BLUE,-302.8330348930618,-273.36199022760206
BLUE,-305.24948631565144,-271.5872600582863
BLUE,-307.7994079290906,-270.0104489169414
BLUE,-310.4301646296998,-268.5711295009878
BLUE,-313.0632501246244,-267.13605143342136
BLUE,-315.6029030181511,-265.5438681408069
BLUE,-317.80867011830924,-263.52647420125857
BLUE,-319.11762140764824,-260.8568838211039
BLUE,-319.1062117268437,-257.88180397632124
BLUE,-318.0497444059458,-255.08543558151442
BLUE,-316.4298192314299,-252.56529361698438
BLUE,-314.522018578215,-250.2528491294494
BLUE,-312.45533771731914,-248.0803686670958
BLUE,-310.2950396278376,-246.0006313260748
BLUE,-308.0777891845601,-243.98158357345693
BLUE,-305.82707571549395,-241.999847079625
BLUE,-303.55945223744243,-240.03745826478797
BLUE,-301.2880856580856,-238.0793984433428
BLUE,-299.0246190167506,-236.11222078199552
BLUE,-296.7804975203901,-234.12302468460186
BLUE,-294.5683400031221,-232.09838032096366
BLUE,-292.40305097802036,-230.0237505981429
BLUE,-290.30421211191833,-227.88202544572607
BLUE,-288.29876689867467,-225.65279989626677
BLUE,-286.42657142332615,-223.31090135289756
BLUE,-284.75078129725193,-220.82536436503943
BLUE,-283.3772242589768,-218.16236538856913
BLUE,-282.48486098043844,-215.3051725941496
BLUE,-282.3368323400797,-212.32086841282495
BLUE,-283.11343264144006,-209.43708625430762
BLUE,-284.64655902763457,-206.86811555702326
BLUE,-286.70675277189235,-204.6964813383094
BLUE,-289.1694176108123,-202.9949790320066
BLUE,-291.94313842807634,-201.8732144682927
BLUE,-294.90360076437213,-201.43343027654726
BLUE,-297.90173558239377,-201.3965271023847
BLUE,-300.8984043085783,-201.31819428893095
BLUE,-303.7998940682794,-200.62244448520232
BLUE,-306.1170589559389,-198.76330920214212
BLUE,-307.5324559096904,-196.13357329648255
BLUE,-308.31473084714565,-193.24178244090976
BLUE,-308.7774313712814,-190.27946297416048
BLUE,-309.1142547670832,-187.29963347632565
BLUE,-309.4551488230577,-184.32027664337824
BLUE,-309.91514730981714,-181.3573865472626
BLUE,-310.63190963693256,-178.44723259990897
BLUE,-311.801790885643,-175.69202461579317
BLUE,-313.66991452269906,-173.36476535098046
BLUE,-316.13277448427885,-171.66150617377076
BLUE,-318.7257144805276,-170.15532139766455
BLUE,-321.05491991825807,-168.28098672681338
BLUE,-322.47308090295644,-165.67861983624627
BLUE,-322.1878707420061,-162.7387736292747
BLUE,-320.5654327169165,-160.23440214555868
BLUE,-318.38177531997565,-158.18376842036548
BLUE,-315.97017220915194,-156.40277214577745
BLUE,-313.44828656202907,-154.7806082681971
BLUE,-310.8658531365875,-153.2563139097152
BLUE,-308.24803531288006,-151.79348049991796
BLUE,-305.6095391169436,-150.368223220979
BLUE,-302.9600648071613,-148.96345549043258
BLUE,-300.3067408952672,-147.56596576540736
BLUE,-297.65530671882516,-146.164896692739
BLUE,-295.0108878427605,-144.750640653356
BLUE,-292.3784574705063,-143.31420837696817
BLUE,-289.76322632354726,-141.84671749798028
BLUE,-287.171031050509,-140.33893840108402
BLUE,-284.60877956828404,-138.78085787382616
BLUE,-282.08501635045894,-137.1612347464397
BLUE,-279.6106863605402,-135.46713771091393
BLUE,-277.2002693164417,-133.68339568690743
BLUE,-274.87397211384024,-131.79143688246626
BLUE,-272.660366197377,-129.76908191711462
BLUE,-270.60090671304357,-127.59042633136167
BLUE,-268.75820281036863,-125.22638826474373
BLUE,-267.2241850551602,-122.65254572337255
BLUE,-266.1274959911259,-119.86589797681198
BLUE,-265.60487570026163,-116.91855957074323
BLUE,-265.70135512131674,-113.92712441610638
BLUE,-266.60399750740123,-111.08329383198739
BLUE,-268.5628915320997,-108.84550475423512
BLUE,-271.233375003711,-107.5081061802428
BLUE,-274.15301531655643,-106.84123954185068
BLUE,-277.13980281596395,-106.58965501492992
BLUE,-280.13798189319056,-106.60297644688856
BLUE,-283.13036985613206,-106.79503030325174
BLUE,-286.1121770938417,-107.11281383755016
BLUE,-289.0830428746133,-107.52092275968545
BLUE,-292.0441846704533,-107.99471212722642
BLUE,-294.99737423458987,-108.5159040854566
BLUE,-297.9445800843722,-109.06999842949843
BLUE,-300.887745311133,-109.64520447221349
BLUE,-303.82875577276684,-110.23134415820157
BLUE,-306.7694170957448,-110.81923535505251
BLUE,-309.7114570742697,-111.40017882826638
BLUE,-312.65635165922794,-111.96646180616176
BLUE,-315.604534397752,-112.51536730208818
BLUE,-318.5560071087028,-113.04629582200549
BLUE,-321.51077418936484,-113.5585710373957
BLUE,-324.46884976402436,-114.05138024043653
BLUE,-327.43022295001373,-114.52396612800071
BLUE,-330.39488351925837,-114.97546693944741
BLUE,-333.36281544971337,-115.40493430773365
BLUE,-336.3339935840893,-115.81133215836763
BLUE,-339.3083800017871,-116.19353567430284
BLUE,-342.28591596428316,-116.55036626849119
BLUE,-345.26652804339255,-116.88050892119202
BLUE,-348.2501217793715,-117.18250915770679
BLUE,-351.2365742525743,-117.45477466259263
BLUE,-354.2257231297767,-117.69561767988469
BLUE,-357.2173661440994,-117.90317090904936
BLUE,-360.21125957519394,-118.07520360818468
BLUE,-363.2070777555822,-118.20955794230441
BLUE,-366.2044319065975,-118.30351720544087
BLUE,-369.2028248341526,-118.35427786669128
BLUE,-372.2016397147995,-118.35864721880915
BLUE,-375.2001059219617,-118.31304576992316
BLUE,-378.1972556676608,-118.21337725343454
BLUE,-381.1918765183344,-118.05514461526997
BLUE,-384.18243843888115,-117.83317757106727
BLUE,-387.1670120591448,-117.54167466988733
BLUE,-390.1431446318295,-117.17398677867246
BLUE,-393.1077146718717,-116.72258088940816
BLUE,-396.0567049147538,-116.17875277739944
BLUE,-398.98497671655593,-115.53275120706185
BLUE,-401.88586609076924,-114.77336214225144
BLUE,-404.75082326180745,-113.88819632118654
BLUE,-407.5686757262994,-112.86312319075417
BLUE,-410.32507912093274,-111.68298779312036
BLUE,-413.0018273654107,-110.33215395761302
BLUE,-415.57591378968345,-108.7949786264897
BLUE,-418.0194751612614,-107.05808500729943
BLUE,-420.29975312522697,-105.1120654316891
BLUE,-422.3814094320038,-102.95515825057072
BLUE,-424.2294203523984,-100.59516735587758
BLUE,-425.8137670078114,-98.05072915597987
BLUE,-427.1141215067204,-95.35007452330481
BLUE,-428.1230547206379,-92.52746029141517
BLUE,-428.8457163343304,-89.61818680092037
BLUE,-429.2977753360734,-86.65458450632477
BLUE,-429.50117376763455,-83.66341762973698
BLUE,-429.4830755794935,-80.66521844457273
BLUE,-429.26999016526133,-77.67443047829548
BLUE,-428.8805022459861,-74.70139332067876
BLUE,-428.3275013460934,-71.75434213983294
BLUE,-427.6190574861188,-68.84072626592433
BLUE,-426.7603001756895,-65.9678175695141
BLUE,-425.7533359134801,-63.14345146611139
BLUE,-424.5979594029641,-60.37650182429793
BLUE,-423.292073121106,-57.67735867351742
BLUE,-421.83201427834786,-55.05845331004652
BLUE,-420.21273799887,-52.53496895220661
BLUE,-418.4288601720049,-50.125148433128516
BLUE,-416.47508821665406,-47.85104974286723
BLUE,-414.34724818410996,-45.73913109919525
BLUE,-412.04414305151806,-43.820126007697965
BLUE,-409.56995223739716,-42.127756453963386
BLUE,-406.9357943061607,-40.69742441207889
BLUE,-404.16201120677954,-39.5617071357822
BLUE,-401.2793451146673,-38.74019958323255
BLUE,-398.3354047295344,-38.172029693314315
BLUE,-395.366461547565,-37.75044422806616
BLUE,-392.39220813305417,-37.367199392017326
BLUE,-389.4296381230786,-36.90415810932021
BLUE,-386.51355395897497,-36.21108693295517
BLUE,-383.7408358245817,-35.082086790542704
BLUE,-381.34578621884623,-33.29664169105952
BLUE,-379.5166369414467,-30.924888387333553
BLUE,-377.6054063331387,-28.619157249806648
BLUE,-375.29390669449765,-26.71576109291162
BLUE,-372.6766415226832,-25.25931428170354
BLUE,-369.8643334096231,-24.22535719578454
BLUE,-366.94377870347887,-23.551475452782483
BLUE,-363.970544386975,-23.167587644005792
BLUE,-360.9763509456661,-23.01092406462405
BLUE,-357.9778989477676,-23.030319974125973
BLUE,-354.9832784905677,-23.18576320235914
BLUE,-351.9958138530159,-23.4455034239826
BLUE,-349.01617246598596,-23.78381301523281
BLUE,-346.0435424253668,-24.179265749552314
BLUE,-343.07628628592374,-24.61334037076142
BLUE,-340.1122211447532,-25.068761520973737
BLUE,-337.14887244890724,-25.528836123202566
BLUE,-334.18355962769203,-25.97603118564686
BLUE,-331.2135423049247,-26.390689958494946
BLUE,-328.23624195600473,-26.74897442218588
BLUE,-325.24983078249204,-27.020071687829926
BLUE,-322.2546279305714,-27.16059619341607
BLUE,-319.2570950178262,-27.10505268651781
BLUE,-316.28188938594076,-26.74573071724228
BLUE,-313.411295258377,-25.898325660178116
BLUE,-310.90052400589104,-24.287945159816886
BLUE,-309.2192303351884,-21.830484039083146
BLUE,-308.4816997221081,-18.933827213332293
BLUE,-308.2859827237249,-15.942613973487283
BLUE,-308.35220381709854,-12.945512480681714
BLUE,-308.71528045012246,-9.970233689685088
BLUE,-309.43213706994277,-7.060531599064362
BLUE,-310.54914843373166,-4.280505963606402
BLUE,-312.0820544444715,-1.7067297476315275
BLUE,-313.9998584640691,0.5948503251566137
BLUE,-316.2330703173092,2.5927694764772298
BLUE,-318.7008732017098,4.293668605696752
BLUE,-321.33282903564526,5.728700606051092
BLUE,-324.07660370244344,6.93723188129664
BLUE,-326.89595848288,7.957816714405993
BLUE,-329.7666958790315,8.823955118579448
BLUE,-332.6727277381906,9.563498912504116
BLUE,-335.60321405231355,10.199574383471997
BLUE,-338.5508717594938,10.750859503120864
BLUE,-341.51064793246064,11.233038966312535
BLUE,-344.479064779071,11.658938969749187
BLUE,-347.4536516786774,12.039464302574004
BLUE,-350.4326368569615,12.383944524877847
BLUE,-353.4147378677659,12.700375861769714
BLUE,-356.3989959348414,12.995812161668482
BLUE,-359.3846805809367,13.276491687275922
BLUE,-362.3712123600683,13.548024600619726
BLUE,-365.3581077574695,13.815534302654726
BLUE,-368.3449399467132,14.083747842391602
BLUE,-371.3313078977783,14.357075162989588
BLUE,-374.31680823595923,14.639710393334695
BLUE,-377.30101940474503,14.935632090592804
BLUE,-380.2834787562508,15.248699013566153
BLUE,-383.26366679612727,15.582675758024635
BLUE,-386.2409909076523,15.941265680717521
BLUE,-389.2147691330546,16.328139043727646
BLUE,-392.18421302897946,16.746960534589732
BLUE,-395.14840364023587,17.201449367161757
BLUE,-398.1062837852951,17.69531578060932
BLUE,-401.0566371152165,18.232291925955792
BLUE,-403.9980590421927,18.81618584243182
BLUE,-406.92893668951024,19.45086429563409
BLUE,-409.8474140748367,20.140293493341147
BLUE,-412.75137263504985,20.88849207591514
BLUE,-415.6384400982829,21.699395321533984
BLUE,-418.5059188218564,22.577024067749534
BLUE,-421.35077925285157,23.525379326869114
BLUE,-424.16964067714025,24.548399328403434
BLUE,-426.95873638313515,25.649957618783105
BLUE,-429.7139389474793,26.833709322962534
BLUE,-432.4307931906462,28.102972284190997
BLUE,-435.10447753438484,29.460784446059677
BLUE,-437.72986707346524,30.909746493927912
BLUE,-440.30159288697405,32.451924945060966
BLUE,-442.8142097471739,34.08862834419003
BLUE,-445.26353536160684,35.818617170928036
BLUE,-447.64628099663446,37.63920867505797
BLUE,-449.9580169885313,39.5491426387492
BLUE,-452.1928630394716,41.54847640210977
BLUE,-454.3431056510376,43.63849500212507
BLUE,-456.3985647971331,45.82174602778446
BLUE,-458.3455826900404,48.10215457189727
BLUE,-460.1662110714059,50.484568225429086
BLUE,-461.83595611186627,52.97489133222521
BLUE,-463.32082868874727,55.57941998318549
BLUE,-464.57451151022735,58.302378924138395
BLUE,-465.53247070750365,61.14226445143953
BLUE,-466.1096382963549,64.08230667711032
BLUE,-466.20306228486413,67.07566708068006
BLUE,-465.7171773462827,70.0293600500346
BLUE,-464.61126624609267,72.81039226595789
BLUE,-462.96829393614655,75.31409521019623
BLUE,-460.9397825872767,77.51929684534701
BLUE,-458.6490584627834,79.45229655480836
BLUE,-456.17970696512396,81.15222699103956
BLUE,-453.58563141863897,82.65563611926768
BLUE,-450.90195142007815,83.99298337035881
BLUE,-448.15159804416214,85.18751854616903
BLUE,-445.35020638944764,86.257096019264
BLUE,-442.5086951920207,87.21515098163349
BLUE,-439.6348472119163,88.07143387908454
BLUE,-436.7343239445478,88.83254556433454
BLUE,-433.81128795434245,89.502043018135
BLUE,-430.8687510561567,90.0798296923439
BLUE,-427.90951328562403,90.56487886883994
BLUE,-424.9365490822428,90.95712571786225
BLUE,-421.95284188568974,91.25693601664992
BLUE,-418.96138805136263,91.46580110955904
BLUE,-415.9650487689231,91.5858547255117
BLUE,-412.96649130315086,91.62002374359653
BLUE,-409.96811654231203,91.57188915907093
BLUE,-406.97199105791196,91.44595976492016
BLUE,-403.97981144302946,91.247086674032
BLUE,-400.992862432827,90.98083498425166
BLUE,-398.01203233218064,90.65301114727868
BLUE,-395.0377809737554,90.26999283453395
BLUE,-392.0701925892913,89.83831101171373
BLUE,-389.10899796700187,89.36470175350388
BLUE,-386.15360365141214,88.85611064193478
BLUE,-383.20314392861223,88.31960197105508
BLUE,-380.25653571409737,87.76230499731693
BLUE,-377.3125285663741,87.19141191268301
BLUE,-374.36976021362375,86.61416024090425
BLUE,-371.4268133601097,86.03782030286746
BLUE,-368.48227337568665,85.46968499297878
BLUE,-365.5347865852135,84.91705910440294
BLUE,-362.5831188560378,84.38724535582924
BLUE,-359.6262140002026,83.88752424689542
BLUE,-356.6632511438704,83.42512505353855
BLUE,-353.6936997221086,83.00718554219446
BLUE,-350.717370155411,82.64069846474979
BLUE,-347.7344564767245,82.33245598844218
BLUE,-344.74556996494925,82.08898859705758
BLUE,-341.77318126420755,81.72738625201492
BLUE,-338.97111387800453,80.67986695959738
BLUE,-336.4547815027722,79.0564815047473
BLUE,-334.2152900968997,77.06492059931406
BLUE,-332.1777226179304,74.86549607092348
BLUE,-330.2549166725945,72.56437036799954
BLUE,-328.36126695833894,70.23904154453245
BLUE,-326.40959692486524,67.96253874756769
BLUE,-324.3009742689292,65.83199474429554
BLUE,-321.91988042857093,64.01587579278123
BLUE,-319.1823750940842,62.81856945555421
BLUE,-316.20824559562567,62.569111387266446
BLUE,-313.27803081126297,63.17159140439318
BLUE,-310.57804599299,64.457282416054
BLUE,-308.5149283286037,66.58716310110191
BLUE,-308.01723111100887,69.50826569311306
BLUE,-308.52765543246795,72.4587585750696
BLUE,-309.3745463944605,75.3350971102852
BLUE,-310.28437832336635,78.19258026951758
BLUE,-311.09380602686986,81.07965565709387
BLUE,-311.6558238104472,84.02380098565666
BLUE,-311.8104346245162,87.0152592111599
BLUE,-311.4006785177127,89.98036301278793
BLUE,-310.38520127461993,92.7968533410617
BLUE,-308.85415048155437,95.3703263008191
BLUE,-306.85874024562884,97.60193249775298
BLUE,-304.4116551311714,99.32055966581763
BLUE,-301.56527537963694,100.21010607510584
BLUE,-298.5987215462353,99.93375894247754
BLUE,-295.8787108197458,98.69283762070853
BLUE,-293.47438018803405,96.90592064284294
BLUE,-291.3081427523986,94.8337298755863
BLUE,-289.2969622323506,92.60975799054361
BLUE,-287.37675981076904,90.3064202157708
BLUE,-285.4930060041317,87.97306300445248
BLUE,-283.58902897545454,85.65626241523722
BLUE,-281.5833928105683,83.42767524841287
BLUE,-279.300407090549,81.49377522031767
BLUE,-276.64762839291313,81.72860251855704
BLUE,-274.8857769431262,84.14849644687442
BLUE,-273.36707377343004,86.7342270850115
BLUE,-271.82652715327964,89.30688681255072
BLUE,-270.1110843888663,91.76506974568397
BLUE,-268.07412777249783,93.96031281871348
BLUE,-265.5922385254976,95.62644887499613
BLUE,-262.7599997766994,96.59028864616613
BLUE,-259.7901102822631,96.98318738615524
BLUE,-256.7923949115735,97.02455388691536
BLUE,-253.79538478770473,96.92065470907866
BLUE,-250.79730429710298,96.87996994063064
BLUE,-247.82169920802477,97.20889736381821
BLUE,-245.15263640388565,98.50411320104018
BLUE,-243.36157049596716,100.89092745846327
BLUE,-242.13521771692984,103.62508581405342
BLUE,-241.1500800861666,106.45718982925791
BLUE,-240.22196281417536,109.3087921115646
BLUE,-239.19464549745004,112.12559633798219
BLUE,-237.8645526559124,114.80958062964629
BLUE,-235.92651828245317,117.07855614987804
BLUE,-233.24389862074793,118.36216810353574
BLUE,-230.2632072719848,118.5629753887736
BLUE,-227.30423740750166,118.09514738975247
BLUE,-224.4138266468815,117.29862492076384
BLUE,-221.56434696284992,116.36423444915323
BLUE,-218.72065767786773,115.41217434709276
BLUE,-215.85045757489308,114.54424873497663
BLUE,-212.92719318609875,113.88037005824992
BLUE,-209.944837629736,113.6038470130247
BLUE,-206.9851621147847,114.0138692015729
BLUE,-204.31342532744077,115.348555025629
BLUE,-202.08265897912935,117.3427965194156
BLUE,-200.3322246151235,119.770942974935
BLUE,-199.09478898606602,122.49803797426694
BLUE,-198.29774829503447,125.38677882941036
BLUE,-197.8111250266992,128.34501412543048
BLUE,-197.50892965214507,131.32836437793767
BLUE,-197.28648666361505,134.31893635602765
BLUE,-197.05620785329648,137.30889869979032
BLUE,-196.74080179777195,140.29090306406275
BLUE,-196.2687789778838,143.25184301514426
BLUE,-195.57346611453357,146.16799553237618
BLUE,-194.59973078894802,149.0028464103148
BLUE,-193.32201321616435,151.7142937283974
BLUE,-191.78647126877377,154.28900980980146
BLUE,-190.03706956560063,156.72367688992418
BLUE,-188.09182824116266,159.00481125305575
BLUE,-185.93683423681318,161.08800053650063
BLUE,-183.4916097820825,162.8141798326379
BLUE,-180.63727560773503,163.63034472613376
BLUE,-177.8913636940311,162.6003718260956
BLUE,-176.2161572292868,160.14427220694628
BLUE,-175.36252016876375,157.2745167634179
BLUE,-174.91771549608228,154.31005159439027
BLUE,-174.69788396101006,151.31968936322116
BLUE,-174.61864363280222,148.32206800860124
BLUE,-174.63547737001198,145.32335527451337
BLUE,-174.72182919860973,142.32579796531817
BLUE,-174.86049322843292,139.33018418874198
BLUE,-175.0396601238466,136.3367085218931
BLUE,-175.25072501709388,133.34530608459673
BLUE,-175.48722369798537,130.35580280810998
BLUE,-175.74409124295482,127.36797805699993
BLUE,-176.0173560763871,124.3816066459598
BLUE,-176.30360752274936,121.39645096775294
BLUE,-176.60006104745116,118.41229041770382
BLUE,-176.90430009027972,115.42891304791246
BLUE,-177.21419610152861,112.44611765340201
BLUE,-177.52784591123788,109.46371444486635
BLUE,-177.84351619629444,106.48152431810772
BLUE,-178.15957995869195,103.49937585014945
BLUE,-178.47450259446464,100.51710670976414
BLUE,-178.78681612644397,97.53456331409302
BLUE,-179.09504533743967,94.55159523113147
BLUE,-179.39777373681892,91.56806410570607
BLUE,-179.69350027853682,88.58383112461294
BLUE,-179.9807355821771,85.59876927161034
BLUE,-180.2578974463376,82.61275572180364
BLUE,-180.52328699271857,79.62567344828335
BLUE,-180.7751389995875,76.63742006235626
BLUE,-181.01145554302542,73.64789887264325
BLUE,-181.23007560898054,70.65703269778345
BLUE,-181.42861039889516,67.66476760326765
BLUE,-181.60429401715504,64.67107570657461
BLUE,-181.75395551349544,61.67597253324311
BLUE,-181.87392490080754,58.679536582471286
BLUE,-181.9599159854123,55.681937817041586
BLUE,-182.00678005075338,52.68347833724931
BLUE,-182.0081714717207,49.684661327922385
BLUE,-181.95616746690428,46.68630793363579
BLUE,-181.84082973391133,43.689743345063164
BLUE,-181.6492641000898,40.697118131514486
BLUE,-181.36412317142248,37.7120081098073
BLUE,-180.9608602319692,34.7406479556461
BLUE,-180.40445814716014,31.794322671769436
BLUE,-179.6408526213466,28.895238703698055
BLUE,-178.58207573488545,26.0916834758429
BLUE,-177.0779249167084,23.503882794676315
BLUE,-174.907768888136,21.46017315119886
BLUE,-172.07612556786688,20.565464519721615
BLUE,-169.1062064976719,20.875106119962368
BLUE,-166.2902558426622,21.894480881018126
BLUE,-163.60608049116559,23.230857300323663
BLUE,-160.99052278999807,24.69725170110081
BLUE,-158.44482013800194,26.28185812021627
BLUE,-155.97105524380214,27.976616107356733
BLUE,-153.57011392649127,29.773096553936767
BLUE,-151.24178504937976,31.662776486445722
BLUE,-148.9848960806749,33.63726349705482
BLUE,-146.79750579136288,35.68850710205123
BLUE,-144.67697706681116,37.808825045952744
BLUE,-142.62013945764375,39.991005824073966
BLUE,-140.62346501275204,42.22838898510494
BLUE,-138.68322697832951,44.5149049943534
BLUE,-136.79541337827982,46.84490751209955
BLUE,-134.95588897370413,49.213233605472226
BLUE,-133.16056415602486,51.61525020830126
BLUE,-131.40511747248223,54.046573007176676
BLUE,-129.68540781669373,56.50331151660305
BLUE,-127.99721267167416,58.98181790411493
BLUE,-126.33798588541475,61.479812516355
BLUE,-124.70596295714108,63.99566706571602
BLUE,-123.09948219253141,66.52790996956841
BLUE,-121.51670107358126,69.07503565267083
BLUE,-119.95586111537972,71.63566719076275
BLUE,-118.41504422319406,74.20839873042115
BLUE,-116.8924176641458,76.79193909763492
BLUE,-115.38600978271847,79.38497109378912
BLUE,-113.8939151203254,81.98626684763511
BLUE,-112.41413401536971,84.59458803362423
BLUE,-110.94469525656376,87.20875060028521
BLUE,-109.48357619347138,89.82757304193356
BLUE,-108.02875039640747,92.44989732522302
BLUE,-106.57817003573302,95.07457278703558
BLUE,-105.1297657177775,97.70044989453481
BLUE,-103.68145453598606,100.32637838074723
BLUE,-102.23113528857817,102.95119815431971
BLUE,-100.77668977414282,105.57373339571618
BLUE,-99.31597645134411,108.19278216495007
BLUE,-97.84685347890763,110.80712213977628
BLUE,-96.36715164052038,113.41548814841491
BLUE,-94.87467524680835,116.01656458619826
BLUE,-93.36724767970088,118.60900337009946
BLUE,-91.84266648080768,121.19138989220482
BLUE,-90.29872195486439,123.7622445326096
BLUE,-88.73317799870557,126.32000116703094
BLUE,-87.1438475301598,128.86304307954381
BLUE,-85.52853238901241,131.38965657777052
BLUE,-83.88505152676129,133.89803719649078
BLUE,-82.21125195174295,136.3862856065778
BLUE,-80.50501877904088,138.85240290848444
BLUE,-78.76429031543773,141.2942894977917
BLUE,-76.98707170651124,143.70974343510065
BLUE,-75.17029481950021,146.09557016929242
BLUE,-73.30060970425723,148.4401171827184
BLUE,-71.37512506549228,150.73908503341917
BLUE,-69.40460813830933,152.99959864520903
BLUE,-67.39588471166147,155.22624159832364
BLUE,-65.35273017738388,157.42133861582127
BLUE,-63.276885553348166,159.58554971095245
BLUE,-61.16891412047818,161.7184801348341
BLUE,-59.028454336340246,163.8188016032244
BLUE,-56.85429112678065,165.88420824500227
BLUE,-54.64432997038486,167.91125588780451
BLUE,-52.395482027717236,169.89505872271374
BLUE,-50.103473517244424,171.82880856318596
BLUE,-47.762515015182515,173.7029563144214
BLUE,-45.36489888484459,175.50397321410563
BLUE,-42.89966298272353,177.2111069190823
BLUE,-40.35158474815458,178.79156447745393
BLUE,-37.69963236968974,180.1897564634787
BLUE,-34.91670400498501,181.30123918758144
BLUE,-31.98727454241012,181.91162140096455
BLUE,-29.023883215499865,181.60698725551853
BLUE,-26.53517237595537,179.99521284064886
BLUE,-25.053709318286423,177.4114021308528
BLUE,-24.429542957426975,174.48452609669837
BLUE,-24.3068065636333,171.49040545663
BLUE,-24.546641088369455,168.5028483378542
BLUE,-25.13487892391376,165.56405350260198
BLUE,-26.059788529795014,162.71308620993662
BLUE,-27.286949547754176,159.97827753240406
BLUE,-28.771061213067895,157.37357595465156
BLUE,-30.463535750587738,154.89882002035804
BLUE,-32.3184585326336,152.54305072975697
BLUE,-34.295197903315085,150.28827349282054
BLUE,-36.35854651583759,148.11228875892286
BLUE,-38.47746206838008,145.9902558496431
BLUE,-40.62419517288055,143.89631416347342
BLUE,-42.781587022255195,141.81334447425948
BLUE,-44.936290169725424,139.72759682050744
BLUE,-47.07392907319215,137.6243847364959
BLUE,-49.17886080083608,135.48847978490053
BLUE,-51.2339704292219,133.30465665841044
BLUE,-53.22074648441216,131.0585675915747
BLUE,-55.11951366917083,128.73769719572013
BLUE,-56.9099935733376,126.3323982681338
BLUE,-58.572568196184505,123.83706845181874
BLUE,-60.08953564233727,121.25070780570314
BLUE,-61.447012832688785,118.57723209902701
BLUE,-62.635937073119294,115.82466315255584
BLUE,-63.652496695961304,113.00386645912889
BLUE,-64.4985768248952,110.12729511623024
BLUE,-65.17996030696682,107.20727241654265
BLUE,-65.70591329108959,104.25523806215685
BLUE,-66.08728162460037,101.28101421606488
BLUE,-66.33506860824511,98.29265931845734
BLUE,-66.45007466517959,95.29628325313789
BLUE,-66.41629029150889,92.2979880924955
BLUE,-66.19959070028531,89.30758483143629
BLUE,-65.73291838899007,86.346566343662
BLUE,-64.87445826674184,83.47735213159612
BLUE,-63.26140263418583,80.978153796833
BLUE,-60.46895403817226,80.24515706273215
BLUE,-57.55083110947908,80.93217542717642
BLUE,-54.60107847681974,81.46583074965346
BLUE,-51.6148398647735,81.73036363766224
BLUE,-48.616940008483226,81.74163320508586
BLUE,-45.631475769281764,81.47353286277462
BLUE,-42.70901516596902,80.81729174159148
BLUE,-40.06391131438252,79.4418360450941
BLUE,-38.47564771616055,76.96112186931859
BLUE,-38.65690524804788,74.00444186629983
BLUE,-39.9610060567079,71.31328835276005
BLUE,-41.73541712277549,68.89815682027114
BLUE,-43.73038841371502,66.65997953129076
BLUE,-45.84860601854581,64.5375415782064
BLUE,-48.04422109388253,62.495074816556695
BLUE,-50.29228256493076,60.51039257686904
BLUE,-52.577584396039214,58.568665748337565
BLUE,-54.890040965771874,56.65933641190077
BLUE,-57.222673475643376,54.77469645204812
BLUE,-59.57020614483605,52.90864161385119
BLUE,-61.92865097209909,51.05639282433057
BLUE,-64.2947441103504,49.213921481385796
BLUE,-66.6657445094989,47.3777679248162
BLUE,-69.03926630333484,45.54487414278785
BLUE,-71.41316576011997,43.71246942073196
BLUE,-73.7854172573937,41.87793213428196
BLUE,-76.15408466264964,40.038770412602275
BLUE,-78.51743531534021,38.19278229542681
BLUE,-80.8749312448465,36.3393231638542
BLUE,-83.22625923472907,34.47804570551759
BLUE,-85.57114017038293,32.60865287307519
BLUE,-87.909184315331,30.730716572582082
BLUE,-90.23999771978788,28.843813652164243
BLUE,-92.56311799797078,26.94744747226744
BLUE,-94.87796027931932,25.040985859884245
BLUE,-97.18393348086789,23.123806796309793
BLUE,-99.48030298164076,21.195135727569323
BLUE,-101.7662125523729,19.254079639698944
BLUE,-104.04065938966704,17.299605734859256
BLUE,-106.30246259663903,15.330515223326785
BLUE,-108.55012418150284,13.345299755464396
BLUE,-110.78196357953857,11.342315811872396
BLUE,-112.99576742194637,9.319419422564778
BLUE,-115.1887851860248,7.2740128421343115
BLUE,-117.35755773371056,5.202923900542174
BLUE,-119.49732608843317,3.1018939123382268
BLUE,-121.60170118944978,0.9654351672611483
BLUE,-123.66164015457866,-1.2138661631070136
BLUE,-125.66328851546234,-3.4467624602111044
BLUE,-127.5840109593064,-5.749501138111938
BLUE,-129.38239782563744,-8.148625873766136
BLUE,-130.96563456321473,-10.693467832448817
BLUE,-132.01321842344896,-13.488572162082548
BLUE,-130.3705137144931,-15.525549138481324
BLUE,-127.38626852051902,-15.716729066874578
BLUE,-124.40388146919418,-15.416634251007594
BLUE,-121.45671852030381,-14.865497518641718
BLUE,-118.54834197207157,-14.135972415221431
BLUE,-115.6808698521387,-13.25906793949639
BLUE,-112.85738863002672,-12.249369871894828
BLUE,-110.08270933047913,-11.112399217341817
BLUE,-107.36053053292392,-9.85480845930394
BLUE,-104.69001414364152,-8.490837775347444
BLUE,-102.06885112185392,-7.0342015303956344
BLUE,-99.49448107332472,-5.496322970658682
BLUE,-96.96405725040836,-3.887121061654341
BLUE,-94.47462453280042,-2.215174697959071
BLUE,-92.02341030813471,-0.4876584438201519
BLUE,-89.60758682841606,1.289030463106542
BLUE,-87.22443879859821,3.1093280639792624
BLUE,-84.87139745674966,4.968391656805153
BLUE,-82.54599365256229,6.861921019408953
BLUE,-80.24585674206787,8.786071588684251
BLUE,-77.96870711740581,10.73737853533325
BLUE,-75.71234415469996,12.712690045550204
BLUE,-73.47463076211756,14.709108141456284
BLUE,-71.25347524965773,16.723935432081532
BLUE,-69.04681088435595,18.754626247723962
BLUE,-66.85257320806954,20.79874064630434
BLUE,-64.66867495426581,22.853899770730038
BLUE,-62.49297818392617,24.917740963129063
BLUE,-60.32326305104061,26.987870884555207
BLUE,-58.15719238949299,29.061814621069914
BLUE,-55.99227067618784,31.13695792977623
BLUE,-53.82577082051219,33.21045317596037
BLUE,-51.654681338007066,35.2791410040071
BLUE,-49.47559232842582,37.33939812275378
BLUE,-47.28457640177356,39.38696224936464
BLUE,-45.07703455689543,41.41669071274555
BLUE,-42.84740282788559,43.42211579801938
BLUE,-40.588822290721964,45.3948577493361
BLUE,-38.29276483004253,47.323810182031536
BLUE,-35.94807219954242,49.19326538469801
BLUE,-33.54005756897624,50.980257920449844
BLUE,-31.048749100761626,52.648798287625425
BLUE,-28.44762092293641,54.13939348977465
BLUE,-25.70411560550312,55.34487832562846
BLUE,-22.79942787298188,56.066702483808854
BLUE,-19.81596497399289,55.97676968369561
BLUE,-17.083699724496853,54.79176066724773
BLUE,-14.984171910911812,52.67071954111378
BLUE,-13.545496405359586,50.04645362392944
BLUE,-12.586032062395873,47.20772163589882
BLUE,-11.948371121772567,44.27852695452745
BLUE,-11.551016749382285,41.30680097118142
BLUE,-11.361347155055398,38.31452302601525
BLUE,-11.371795831884157,35.31626022880906
BLUE,-11.590268319482135,32.32603753479546
BLUE,-12.039559475696592,29.361910211407604
YELLOW,-15.62982805318208,27.31303781845179
YELLOW,-16.329298404072716,24.40475158534491
YELLOW,-16.11215308334019,21.42565720896343
YELLOW,-15.281673700375336,18.546927444917742
YELLOW,-14.34128174644951,15.700557955636555
YELLOW,-13.892989023174522,12.749102632484835
YELLOW,-14.728938326970962,9.890604562813877
YELLOW,-15.602628754010738,7.0330873478271485
YELLOW,-15.3095035804281,4.080978187030411
YELLOW,-13.561270308180383,1.6865990593844344
YELLOW,-10.973109150288565,0.19823882818437255
YELLOW,-8.102883621597556,-0.655851105242931
YELLOW,-5.1457190629567435,-1.1424522270987154
YELLOW,-2.1596467331052907,-1.4052264554553062
YELLOW,0.8359573691330127,-1.5214297462186153
YELLOW,3.833881165714587,-1.5360608418448578
YELLOW,9.827341005902383,-1.3682404913456878
YELLOW,12.821744313785729,-1.2205077483369848
YELLOW,15.814757363217495,-1.0467367736308404
YELLOW,18.806777367476712,-0.8565663879584235
YELLOW,21.798300141129317,-0.6587010680794094
YELLOW,24.789853888451063,-0.4613061602003654
YELLOW,27.78197660197975,-0.2727661865163782
YELLOW,30.77517106659809,-0.10217161493045523
YELLOW,33.7698465359648,0.03987643465012525
YELLOW,36.76619795338567,0.1400194909755612
YELLOW,39.76391383152617,0.1805014552514308
YELLOW,42.76148122961828,0.13512397149912658
YELLOW,45.75422843776994,-0.03738293681391269
YELLOW,48.72762432479911,-0.4134384353370706
YELLOW,51.62583594646132,-1.1641323140671034
YELLOW,54.038340748790546,-2.8496794450007172
YELLOW,53.904993886232674,-5.742279897316891
YELLOW,52.66708933067497,-8.471734790858335
YELLOW,51.779200018095906,-11.331583919033193
YELLOW,51.63184681146576,-14.310143214269658
YELLOW,52.81846242935043,-17.0219461754058
YELLOW,55.23080001452121,-18.754250557998915
YELLOW,58.120337285471265,-19.521119858284123
YELLOW,61.10917611614549,-19.724443522035614
YELLOW,64.1044598628924,-19.615002779457427
YELLOW,67.0873471726376,-19.31686721541493
YELLOW,70.05570830655607,-18.89691682342739
YELLOW,73.01144292979917,-18.39531714417963
YELLOW,75.95732232317991,-17.838559405372166
YELLOW,78.8962309016762,-17.246014499371427
YELLOW,81.8309516227929,-16.63302285550823
YELLOW,84.76423736079371,-16.01318826610985
YELLOW,87.69884155925904,-15.399638563375746
YELLOW,90.63762850845362,-14.806493672835074
YELLOW,93.58369937765991,-14.250769682898422
YELLOW,96.54041717413868,-13.755086596419048
YELLOW,99.51125537556995,-13.353444321448123
YELLOW,102.49841302051865,-13.10443659939989
YELLOW,105.49436972710943,-13.129505012039118
YELLOW,108.40050386741615,-13.795725960490955
YELLOW,109.71791384587213,-16.258599708456572
YELLOW,109.07874306227448,-19.176206529764286
YELLOW,107.86916136103247,-21.916954451567477
YELLOW,106.37277357367664,-24.51378039135696
YELLOW,104.68446926548783,-26.990598659556213
YELLOW,102.84602832921217,-29.358286281972795
YELLOW,100.87695621131844,-31.61854479967039
YELLOW,98.78337825013433,-33.76394713081075
YELLOW,96.56153977962417,-35.776034631710445
YELLOW,94.20441985102222,-37.62760877854585
YELLOW,91.71566810866739,-39.29796343805998
YELLOW,89.10588858620868,-40.77202488525293
YELLOW,86.39028167315796,-42.04065240402318
YELLOW,83.58736309064129,-43.1027197710153
YELLOW,80.71665544400601,-43.96526490923149
YELLOW,77.79661135666414,-44.64273643791722
YELLOW,74.8430413567937,-45.15531180800431
YELLOW,71.86829211612485,-45.52654060164045
YELLOW,68.88126211264702,-45.78172465716706
YELLOW,65.88784490554204,-45.94699979893103
YELLOW,62.89154217709432,-46.04854992096023
YELLOW,59.89416992689972,-46.11232866043193
YELLOW,56.8965630672695,-46.16440883476645
YELLOW,53.89925825166277,-46.231170045298356
YELLOW,50.90320977459098,-46.339766390074956
YELLOW,47.91058065312092,-46.51844996800665
YELLOW,44.92563956419599,-46.79660434721181
YELLOW,41.95577960230756,-47.20462489240214
YELLOW,39.01253602457447,-47.7729561846905
YELLOW,36.1123389367269,-48.53029266437029
YELLOW,33.276574344773394,-49.50094111003416
YELLOW,30.52362524663795,-50.68679263777679
YELLOW,27.825263880830846,-51.99325111683433
YELLOW,25.125976173785062,-53.29778274164339
YELLOW,22.37402126189022,-54.48613761508638
YELLOW,19.538145231608667,-55.455628992076285
YELLOW,16.630658245255034,-56.184147863174516
YELLOW,13.682133369174295,-56.72474021668177
YELLOW,10.710846118081719,-57.1228874720986
YELLOW,7.727138946503516,-57.41469235839838
YELLOW,4.736842692126686,-57.629495564676105
YELLOW,1.7432050117036226,-57.791828559302644
YELLOW,-1.2519435808777928,-57.92377931179084
YELLOW,-4.247508985273242,-58.04603996880388
YELLOW,-7.242590801069838,-58.179471420984
YELLOW,-10.235964869028322,-58.34648992418202
YELLOW,-13.22538773393103,-58.572870552666245
YELLOW,-16.20647009047002,-58.889879923428964
YELLOW,-19.17056517869051,-59.33759173548633
YELLOW,-22.100599763819957,-59.96938722663627
YELLOW,-24.962920037866695,-60.856697157853645
YELLOW,-27.692215222716726,-62.090948018630115
YELLOW,-30.170021165965608,-63.77021822406424
YELLOW,-32.22170411649242,-65.94641266522913
YELLOW,-33.67891112011796,-68.55762277614681
YELLOW,-34.48674534321799,-71.4386225550092
YELLOW,-34.72921952801707,-74.42344822638547
YELLOW,-34.521226267650235,-77.41161884472976
YELLOW,-33.84733701919089,-80.32915937431466
YELLOW,-32.65771233143113,-83.0761399702813
YELLOW,-30.966736606313475,-85.54630799238728
YELLOW,-28.856795891497,-87.67101942387845
YELLOW,-26.440100682140383,-89.44096722240154
YELLOW,-23.81829202443882,-90.89183518676064
YELLOW,-21.06523176413799,-92.0764864343464
YELLOW,-18.229434802449504,-93.0477046170779
YELLOW,-15.341342043912078,-93.85099531014535
YELLOW,-12.419772260557636,-94.52300984783344
YELLOW,-9.476567011441261,-95.09328233520125
YELLOW,-6.519294301011968,-95.5857336459523
YELLOW,-3.552889412136068,-96.02001072370973
YELLOW,-0.5806955222666659,-96.41285534402492
YELLOW,2.3949282955632327,-96.7789000604262
YELLOW,5.372198092275283,-97.13134881215899
YELLOW,8.349675175714992,-97.4820479549107
YELLOW,11.326522048362165,-97.83805081735
YELLOW,14.302151217645786,-98.20408106470325
YELLOW,17.275904995176518,-98.5850311614625
YELLOW,20.24700759457997,-98.98611102985288
YELLOW,23.214515848269684,-99.41294053533497
YELLOW,26.17722830956231,-99.8718367741871
YELLOW,29.133581108344373,-100.37000981359353
YELLOW,32.08146402596728,-100.91600112551905
YELLOW,35.01801897971751,-101.51986459763116
YELLOW,37.93915929863573,-102.19423056172475
YELLOW,40.839005257050275,-102.95478086087617
YELLOW,43.70873029003451,-103.8218147227923
YELLOW,46.53450885179086,-104.82241919167835
YELLOW,49.293851935962095,-105.9931891966121
YELLOW,51.94796907933956,-107.38503928363143
YELLOW,54.42633177613523,-109.06805465604079
YELLOW,56.59796261113449,-111.12816415597233
YELLOW,58.23814622600602,-113.62701309285893
YELLOW,59.09352785090823,-116.48854185022823
YELLOW,59.17089000618448,-119.47988519743008
YELLOW,58.74879389994004,-122.44601892376716
YELLOW,58.03060750531655,-125.35600385933292
YELLOW,57.133857710379516,-128.21650581446434
YELLOW,56.130123058112815,-131.04144248303203
YELLOW,55.06679684223184,-133.84457248122825
YELLOW,53.978423414801895,-136.63809931534567
YELLOW,52.892616758905135,-139.43262281922557
YELLOW,51.83348073571378,-142.23734245225904
YELLOW,50.82390391138779,-145.06024302332577
YELLOW,49.88698487876155,-147.90802914467704
YELLOW,49.047406548316076,-150.78594043277258
YELLOW,48.33227293627556,-153.69716746200453
YELLOW,47.76663490321644,-156.64104096239095
YELLOW,47.34698344071833,-159.60931241555386
YELLOW,47.05670346938351,-162.59307946186928
YELLOW,46.877359717660454,-165.58562458621654
YELLOW,46.78948096247663,-168.5823029222812
YELLOW,46.772466876204334,-171.58026294182707
YELLOW,46.80505829068582,-174.57812424502714
YELLOW,46.86490185108721,-177.57558272774997
YELLOW,46.9283969482363,-180.57296849261255
YELLOW,46.970025866192884,-183.57072113659984
YELLOW,46.96158690124483,-186.56870890039897
YELLOW,46.87145919659571,-189.56527651434985
YELLOW,46.66355564114258,-192.5558538572051
YELLOW,46.2973697067622,-195.53100192810982
YELLOW,45.72857998627697,-198.4738581112507
YELLOW,44.912599082674035,-201.35760390212968
YELLOW,43.81152486580615,-204.14458711382503
YELLOW,42.40389829519839,-206.7897086470195
YELLOW,40.692763847670875,-209.2493239120581
YELLOW,38.70648561273194,-211.49282912328655
YELLOW,36.469011103792724,-213.48458508004035
YELLOW,33.84755380694756,-214.90478498964407
YELLOW,30.912411961512902,-214.67434462338736
YELLOW,28.21848832047465,-213.36610209630197
YELLOW,25.598717260752096,-211.90866070012362
YELLOW,22.84225989675963,-210.74074492751342
YELLOW,19.898702083046913,-210.20885612468106
YELLOW,16.90738737389856,-210.3190775095486
YELLOW,13.972681463970304,-210.92066218816518
YELLOW,11.118897102976263,-211.83676910391904
YELLOW,8.322557923843846,-212.91745701747092
YELLOW,5.5420308329863985,-214.03860720308938
YELLOW,2.7317973468408354,-215.08218279719912
YELLOW,-0.1483653929590787,-215.90990713127795
YELLOW,-3.1032468445341124,-216.40657450086945
YELLOW,-6.095891834953051,-216.5566710467262
YELLOW,-9.0866601481558,-216.37053116583127
YELLOW,-12.041317385588371,-215.87002364892606
YELLOW,-14.933171188359495,-215.08331933841384
YELLOW,-17.74314414498042,-214.04079505945435
YELLOW,-20.458614081117332,-212.77194977456583
YELLOW,-23.071379222969,-211.30295817678598
YELLOW,-25.57676475817169,-209.65733860685407
YELLOW,-27.971738612296377,-207.85468613846422
YELLOW,-30.254337469497045,-205.91161361084949
YELLOW,-32.426718451894715,-203.84591050900968
YELLOW,-34.49875068245305,-201.67943682432033
YELLOW,-36.4825301235727,-199.43177766605095
YELLOW,-38.390490822235876,-197.11934084277527
YELLOW,-40.23533096457143,-194.7561895030038
YELLOW,-42.02948015261859,-192.35428850883955
YELLOW,-43.78520993696924,-189.92413630477915
YELLOW,-45.514683037990466,-187.47521163196993
YELLOW,-47.230082798885945,-185.01639971934398
YELLOW,-48.943823925647365,-182.55643047266216
YELLOW,-50.668749059904684,-180.1042980804412
YELLOW,-52.418375129083444,-177.66974682693933
YELLOW,-54.20726395758538,-175.26393108267362
YELLOW,-56.05107972633982,-172.900001122652
YELLOW,-57.96711916115828,-170.5943069069813
YELLOW,-59.97395579205053,-168.36732681870808
YELLOW,-62.09130447478822,-166.24535534684333
YELLOW,-64.33857246707572,-164.26181969937102
YELLOW,-66.73281294044679,-162.4589110158795
YELLOW,-69.28422018654467,-160.8869824186252
YELLOW,-71.99052939496855,-159.60084662846845
YELLOW,-74.83228078405406,-158.6517212146502
YELLOW,-77.77233205645916,-158.07573314708802
YELLOW,-80.76219832397913,-157.88356690248162
YELLOW,-83.7534214636513,-158.0581905021583
YELLOW,-86.70689618495584,-158.56485397143393
YELLOW,-89.57483284861485,-159.42843452319443
YELLOW,-92.1395141407034,-160.9498687911557
YELLOW,-93.61983396373796,-163.49634321724
YELLOW,-93.30221507331015,-166.43968580712038
YELLOW,-91.87054797288255,-169.06461697879746
YELLOW,-89.99928524437934,-171.40487445915426
YELLOW,-87.93802016389003,-173.5813164317644
YELLOW,-85.78173032407011,-175.66410048951275
YELLOW,-83.57562954380205,-177.694189597687
YELLOW,-81.3457283421908,-179.69815146247737
YELLOW,-79.10948094524298,-181.69503835923183
YELLOW,-76.88046686684146,-183.6999878961576
YELLOW,-74.67075890093432,-185.72617488198128
YELLOW,-72.49247018366731,-187.7860694504399
YELLOW,-70.35905328828164,-189.89235300758207
YELLOW,-68.2867091756608,-192.05867564487312
YELLOW,-66.2961812002714,-194.30028497053132
YELLOW,-64.4155227132255,-196.6346419851763
YELLOW,-62.68498413253724,-199.0820304782483
YELLOW,-61.163465202119596,-201.66397818971575
YELLOW,-59.94079898189719,-204.39907234723762
YELLOW,-59.11863733939677,-207.27920868932722
YELLOW,-58.75089860043414,-210.2514529627071
YELLOW,-58.861896537656065,-213.24424566012317
YELLOW,-59.44579748938247,-216.18176060812527
YELLOW,-60.473181169400135,-218.99530499881487
YELLOW,-61.899437394340424,-221.62952340937943
YELLOW,-63.67448772174134,-224.04282969908073
YELLOW,-65.74813843223995,-226.20528032010077
YELLOW,-68.0735978960866,-228.0946791841373
YELLOW,-70.57179310594012,-229.75111653701313
YELLOW,-73.13684115718291,-231.30311354062837
YELLOW,-75.68174422031572,-232.88756220676788
YELLOW,-78.09475579442426,-234.66382711209604
YELLOW,-80.16263304167938,-236.8250708706326
YELLOW,-81.49727674049376,-239.49178347942166
YELLOW,-81.88137773618678,-242.45481584613125
YELLOW,-81.61043342244136,-245.43742482620695
YELLOW,-81.00517118270301,-248.3730763605739
YELLOW,-80.27697261841638,-251.2813226843321
YELLOW,-79.5784335288908,-254.19670702750656
YELLOW,-79.05280704453827,-257.14750924790087
YELLOW,-78.77365363564633,-260.1316353891807
YELLOW,-78.75005869214294,-263.1286643614495
YELLOW,-78.98685825581771,-266.1163896531254
YELLOW,-79.48522839081028,-269.07174153428286
YELLOW,-80.24400704860057,-271.9711633280822
YELLOW,-81.25827075592923,-274.7913700752402
YELLOW,-82.5207477155077,-277.5095354392015
YELLOW,-84.0215550397088,-280.1037339607821
YELLOW,-85.74842253085097,-282.55328043532353
YELLOW,-87.68707992739286,-284.83889027075696
YELLOW,-89.82102454014199,-286.9433413142956
YELLOW,-92.13184851199048,-288.8519215925849
YELLOW,-94.59763762416895,-290.55570314807176
YELLOW,-97.2032892115812,-292.0363596763105
YELLOW,-99.95273184126842,-293.2265556929989
YELLOW,-102.85646521056469,-293.9511857082965
YELLOW,-105.84133858255575,-293.9029138061528
YELLOW,-108.61350420040202,-292.8093316312387
YELLOW,-110.87206025214073,-290.85316358520583
YELLOW,-112.63494292526633,-288.43302023678393
YELLOW,-114.03855722177929,-285.78561934781845
YELLOW,-115.191900334573,-283.0190605336236
YELLOW,-116.16715144096781,-280.18443274220994
YELLOW,-117.01205909347016,-277.3080873371449
YELLOW,-117.76001392663778,-274.4049351239959
YELLOW,-118.43482911639904,-271.4838686995677
YELLOW,-119.05435317757548,-268.5505513343878
YELLOW,-119.63251146635207,-265.60878582450164
YELLOW,-120.18045986148826,-262.66123476047926
YELLOW,-120.70745394010208,-259.7098599937682
YELLOW,-121.22139706603508,-256.75618177430925
YELLOW,-121.72921425084962,-253.8014429820125
YELLOW,-122.23716426162196,-250.84672703791233
YELLOW,-122.7510384246603,-247.89303661955648
YELLOW,-123.27634518859259,-244.9413598452019
YELLOW,-123.81841512471385,-241.9927181718473
YELLOW,-124.38261353505698,-239.04823404269817
YELLOW,-124.97425450628998,-236.10914555331436
YELLOW,-125.59898870655184,-233.17691875729972
YELLOW,-126.26261847467418,-230.25325678232872
YELLOW,-126.97132245081355,-227.34020161438872
YELLOW,-127.73192748381751,-224.44027669958066
YELLOW,-128.55158018782328,-221.5565001684716
YELLOW,-129.43832631292997,-218.6926609985932
YELLOW,-130.40106039193785,-215.85348942402032
YELLOW,-131.44937860381333,-213.04482527851326
YELLOW,-132.5939887557467,-210.27404943347813
YELLOW,-133.8465361880974,-207.55041814305542
YELLOW,-135.21994726168492,-204.88576304267477
YELLOW,-136.72696688859452,-202.29442436702436
YELLOW,-138.38138043436754,-199.7947355569616
YELLOW,-140.19539178795293,-197.4085030034604
YELLOW,-142.1791066368362,-195.1615622200806
YELLOW,-144.33852502997155,-193.0831368821527
YELLOW,-146.67357998240033,-191.2044634551204
YELLOW,-149.18283118441104,-189.5663616889458
YELLOW,-151.86527067718646,-188.23197433462954
YELLOW,-154.70804478311533,-187.28920503426428
YELLOW,-157.66841185274143,-186.84395213811297
YELLOW,-160.657153641427,-186.99463655626693
YELLOW,-163.56056020863002,-187.72613358071217
YELLOW,-166.31590114419265,-188.90176575226852
YELLOW,-168.9070140769569,-190.40692563896647
YELLOW,-171.3284044976424,-192.17257348626185
YELLOW,-173.56124798721527,-194.1714184237799
YELLOW,-175.5898170899497,-196.37741204768093
YELLOW,-177.40471491097463,-198.76242181002775
YELLOW,-179.00209128888991,-201.29839369184685
YELLOW,-180.38240856682745,-203.95886232201053
YELLOW,-181.54910818832343,-206.71979380512107
YELLOW,-182.50713199153017,-209.5599704488455
YELLOW,-183.2623944821841,-212.46072225483448
YELLOW,-183.8247127724514,-215.4050701316377
YELLOW,-184.21229378705783,-218.37758206590237
YELLOW,-184.44470386476434,-221.36632235869638
YELLOW,-184.54127832232876,-224.36259984271828
YELLOW,-184.51990699175786,-227.36041439237692
YELLOW,-184.39707029184535,-230.3558329267347
YELLOW,-184.18771418552512,-233.34648517296884
YELLOW,-183.9054657651315,-236.33116638585565
YELLOW,-183.56288926437787,-239.30954639933674
YELLOW,-183.17137649015257,-242.28190521753692
YELLOW,-182.74168869887995,-245.24899722177526
YELLOW,-182.28409055767514,-248.2119212837053
YELLOW,-181.80847924083218,-251.1720124383394
YELLOW,-181.32484646946153,-254.13080590916235
YELLOW,-180.84336547167987,-257.08994963146966
YELLOW,-180.37480329637515,-260.0511622525323
YELLOW,-179.93088279577643,-263.0161602258098
YELLOW,-179.5247056236213,-265.98654862038694
YELLOW,-179.17134846784808,-268.9636577806133
YELLOW,-178.88874590515553,-271.9482757831659
YELLOW,-178.69868938578395,-274.9401498970269
YELLOW,-178.6279869338066,-277.93711963243135
YELLOW,-178.71070270369108,-280.93361730347397
YELLOW,-178.9896736187581,-283.9179739056558
YELLOW,-179.51832416387185,-286.8679050797567
YELLOW,-180.35920319824623,-289.74374370407634
YELLOW,-181.5750598326183,-292.48124123110927
YELLOW,-183.20675875357483,-294.99216159875357
YELLOW,-185.2441515448702,-297.18640544236564
YELLOW,-187.62127771411684,-299.0079761692815
YELLOW,-190.24458796951967,-300.4543563641814
YELLOW,-193.0436518033663,-301.5209482616425
YELLOW,-195.97503421977035,-302.13233574811727
YELLOW,-198.96725870300918,-302.2651365711672
YELLOW,-201.94911355217772,-301.97563330873004
YELLOW,-204.87314647223116,-301.3212415028671
YELLOW,-207.70777250833817,-300.34914528740205
YELLOW,-210.4295777260699,-299.0949861435458
YELLOW,-213.01797158984016,-297.58443220706147
YELLOW,-215.4511305351694,-295.8348049072252
YELLOW,-217.70258909008146,-293.85698009412624
YELLOW,-219.73785706709555,-291.6575835240059
YELLOW,-221.50996366114327,-289.24157164865244
YELLOW,-222.9567744780083,-286.6184723241131
YELLOW,-224.0188322700917,-283.8170530139438
YELLOW,-225.35435217650797,-281.1462826809933
YELLOW,-227.46684218847793,-279.036421528401
YELLOW,-230.08850498218823,-277.59805408808256
YELLOW,-232.9581084716603,-276.74374470730845
YELLOW,-235.92591739424864,-276.3339060593311
YELLOW,-238.9218707385677,-276.2604470688583
YELLOW,-241.91308520603133,-276.4506667451215
YELLOW,-244.88228228726973,-276.86127549680634
YELLOW,-247.8172485413021,-277.47042755578025
YELLOW,-250.7047982013845,-278.27465360607675
YELLOW,-253.53042848944244,-279.2750886920483
YELLOW,-256.29297028177024,-280.43908295482254
YELLOW,-259.0120091962553,-281.7019466679347
YELLOW,-261.7239496501338,-282.98008910826104
YELLOW,-264.46416648265694,-284.1961119442051
YELLOW,-267.2544231991461,-285.2918591659032
YELLOW,-270.1096388428535,-286.2037912130969
YELLOW,-273.03552009810653,-286.851020782658
YELLOW,-276.01822753826974,-287.1264151620711
YELLOW,-279.00330282374443,-286.9011090492312
YELLOW,-281.88460015315735,-286.08963198357276
YELLOW,-284.5989443854149,-284.8220371211371
YELLOW,-287.1379480597107,-283.23064902585566
YELLOW,-289.51246345760546,-281.401705720314
YELLOW,-291.7623042519298,-279.4206203252944
YELLOW,-293.94199954744715,-277.3622306943088
YELLOW,-296.1076907655542,-275.2890435625622
YELLOW,-298.3106082848312,-273.25561190699534
YELLOW,-300.5928640578934,-271.31196163284346
YELLOW,-302.9845338974452,-269.5050470089395
YELLOW,-305.5011847275445,-267.877068883745
YELLOW,-308.1149267942701,-266.40895004546576
YELLOW,-310.7549297400643,-264.9881488887799
YELLOW,-313.3350851390261,-263.4630209791106
YELLOW,-315.58133453975535,-261.50067166720976
YELLOW,-316.20227888028023,-258.6590186896632
YELLOW,-315.0668427461403,-255.90109822157424
YELLOW,-313.325038260649,-253.4641390209699
YELLOW,-311.33359830818017,-251.2240143830249
YELLOW,-309.2127731679979,-249.10530413196886
YELLOW,-307.0178576411013,-247.06321293467715
YELLOW,-304.779473710357,-245.06876981098924
YELLOW,-302.5176230050361,-243.10094246588653
YELLOW,-300.2469202796399,-241.14332457310928
YELLOW,-297.9794719496289,-239.1819418170573
YELLOW,-295.7264871541584,-237.2039777889553
YELLOW,-293.49959868621505,-235.19670760912874
YELLOW,-291.31189973489546,-233.14684376970973
YELLOW,-289.17924107021105,-231.03984975808174
YELLOW,-287.12274267829025,-228.85858041956416
YELLOW,-285.17073456550486,-226.58353492686433
YELLOW,-283.36423988338123,-224.19166096948186
YELLOW,-281.76407557507133,-221.65772104172424
YELLOW,-280.46130914409986,-218.9599069664901
YELLOW,-279.5841330375114,-216.09708086558783
YELLOW,-279.2880640490188,-213.11978009779494
YELLOW,-279.69108565469145,-210.15649945883393
YELLOW,-280.7793722711253,-207.3695587888032
YELLOW,-282.4088965656744,-204.85825609141165
YELLOW,-284.45971097036255,-202.67642812195018
YELLOW,-286.8521109341514,-200.87565308712504
YELLOW,-289.5226523585879,-199.5222809534252
YELLOW,-292.3997962831922,-198.69722293568876
YELLOW,-295.38140652433964,-198.41070898291485
YELLOW,-298.3792560612573,-198.3985984970576
YELLOW,-301.369509172575,-198.23757048223155
YELLOW,-303.8735267092381,-196.75689531480901
YELLOW,-305.0573929411829,-194.01942829169
YELLOW,-305.64085115180467,-191.08044848441213
YELLOW,-306.0099801891197,-188.10538413982994
YELLOW,-306.33571878513385,-185.12508070222452
YELLOW,-306.732689446985,-182.15364221478018
YELLOW,-307.30894868927425,-179.2123266711639
YELLOW,-308.1890776928191,-176.34863310245132
YELLOW,-309.51841075845977,-173.66670440018424
YELLOW,-311.4175475538025,-171.3576805117591
YELLOW,-313.81177754955803,-169.56084246268054
YELLOW,-316.40153071236045,-168.05088463788937
YELLOW,-318.81233109936034,-166.28740062578888
YELLOW,-319.2690356106207,-163.5600029549258
YELLOW,-317.36509539231594,-161.26368701420967
YELLOW,-315.0207803230328,-159.39769769301256
YELLOW,-312.5249567555394,-157.7374253146585
YELLOW,-309.9551442418074,-156.19356145705535
YELLOW,-307.34424266845747,-154.72005320100143
YELLOW,-304.70970167082027,-153.28916392883778
YELLOW,-302.06243117252603,-151.88193560311672
YELLOW,-299.41006602795386,-150.48432411271784
YELLOW,-296.75856184435645,-149.08508108133057
YELLOW,-294.1130813367553,-147.67449033021487
YELLOW,-291.478514594594,-146.24363303861082
YELLOW,-288.8598359274238,-144.78392102587867
YELLOW,-286.2624808607265,-143.2866211988549
YELLOW,-283.6927887534868,-141.74236185868577
YELLOW,-281.15836387238966,-140.14092874631896
YELLOW,-278.66863800161383,-138.47091863080942
YELLOW,-276.2358146495176,-136.71914574690524
YELLOW,-273.87595759491364,-134.87038040924867
YELLOW,-271.6112180137531,-132.90644807210478
YELLOW,-269.4712900616936,-130.80751680864492
YELLOW,-267.4980493313278,-128.55160047923073
YELLOW,-265.74890277995263,-126.11843302233855
YELLOW,-264.3002343159241,-123.49605703824912
YELLOW,-263.2438677813846,-120.69353800261193
YELLOW,-262.6681605896463,-117.75515358867654
YELLOW,-262.600435895636,-114.76147596139553
YELLOW,-263.0938505789459,-111.810232314308
YELLOW,-264.30371273210994,-109.07829416791755
YELLOW,-266.27160002456293,-106.83251016528668
YELLOW,-268.80486792275894,-105.24565799226829
YELLOW,-271.63583366182,-104.27279599805757
YELLOW,-274.58799652404593,-103.76265956604217
YELLOW,-277.57927925954294,-103.57694153136521
YELLOW,-280.57654937258195,-103.61833978096072
YELLOW,-283.5674091825282,-103.82214875065901
YELLOW,-286.5480140620225,-104.1438431197047
YELLOW,-289.5179963707202,-104.55260545470844
YELLOW,-292.4784718925186,-105.02555891694142
YELLOW,-295.4310886512681,-105.54544448132462
YELLOW,-298.3777191418683,-106.09831589231632
YELLOW,-301.3202552880487,-106.67261434451268
YELLOW,-304.26055400828506,-107.25827624919138
YELLOW,-307.20041480179634,-107.8461353967144
YELLOW,-310.1415621899534,-108.42751501040055
YELLOW,-313.085535770388,-108.99439660764354
YELLOW,-316.0328029987097,-109.54389506520627
YELLOW,-318.98337684709566,-110.07535050401084
YELLOW,-321.93727347372106,-110.58801372554534
YELLOW,-324.89449254066557,-111.08114779519732
YELLOW,-327.8550294473623,-111.5539520260939
YELLOW,-330.8188770440996,-112.005534714785
YELLOW,-333.7860199028214,-112.43492901713037
YELLOW,-336.75643220717575,-112.84108560403484
YELLOW,-339.73007521418015,-113.22286446420209
YELLOW,-342.70689419819234,-113.57902575175478
YELLOW,-345.68681476890254,-113.90821956475473
YELLOW,-348.66973843193637,-114.20897452811842
YELLOW,-351.65553723246524,-114.47968504140448
YELLOW,-354.64405234709443,-114.71852918135758
YELLOW,-357.6350780665383,-114.92352285682028
YELLOW,-360.6283514977912,-115.09251079610132
YELLOW,-363.62354397789454,-115.22308544846474
YELLOW,-366.6202453643133,-115.3124746368866
YELLOW,-369.617934768576,-115.35769326999306
YELLOW,-372.6159593013257,-115.3552981911329
YELLOW,-375.6134958778773,-115.30150620368082
YELLOW,-378.60950865885854,-115.19203812168244
YELLOW,-381.6026808729879,-115.02190518189299
YELLOW,-384.59133808927663,-114.78550057404841
YELLOW,-387.5733327841335,-114.47634473032824
YELLOW,-390.54592555389,-114.08718032810987
YELLOW,-393.50553879471704,-113.60937150555418
YELLOW,-396.44755229941927,-113.0331920747358
YELLOW,-399.3658295460059,-112.34702178723543
YELLOW,-402.2523884969221,-111.53794812079592
YELLOW,-405.09655912283597,-110.59081634609335
YELLOW,-407.8841803092213,-109.48858594143985
YELLOW,-410.5965172528263,-108.21259858214268
YELLOW,-413.20892200260573,-106.74318622640105
YELLOW,-415.68973479924,-105.06152169142695
YELLOW,-418.00030388014,-103.15310062487538
YELLOW,-420.09596025634335,-101.01129112939523
YELLOW,-421.9317863517597,-98.643276523786
YELLOW,-423.46961815578936,-96.0718403754521
YELLOW,-424.68655639412236,-93.33382105490534
YELLOW,-425.5791122971002,-90.47334793687281
YELLOW,-426.16190686558764,-87.53379079586801
YELLOW,-426.4608365776296,-84.55168954902794
YELLOW,-426.50925480448825,-81.55477529465074
YELLOW,-426.34132757923476,-78.56199145052369
YELLOW,-425.98206743982666,-75.58600694007208
YELLOW,-425.448057442953,-72.63630754436308
YELLOW,-424.7494113296741,-69.72117971310368
YELLOW,-423.8920219028047,-66.84872486117182
YELLOW,-422.8783423176877,-64.02764467102543
YELLOW,-421.70793314740956,-61.26793008694432
YELLOW,-420.3778647757216,-58.58156469435714
YELLOW,-418.88297048055483,-55.98338560428948
YELLOW,-417.21696553556274,-53.4915824251493
YELLOW,-415.37245061172905,-51.12902906387747
YELLOW,-413.34200179674554,-48.924461763126814
YELLOW,-411.12092374654344,-46.912421549601234
YELLOW,-408.7088486144853,-45.134284945501975
YELLOW,-406.1145583851104,-43.63502998071034
YELLOW,-403.3588733283815,-42.45910841511463
YELLOW,-400.47836784492483,-41.634182186479464
YELLOW,-397.53215106983396,-41.082335564347005
YELLOW,-394.5624238796222,-40.67185083355798
YELLOW,-391.58940736604586,-40.285298198531166
YELLOW,-388.63024131713223,-39.80608622982827
YELLOW,-385.71678364512127,-39.10434295026681
YELLOW,-382.9204582495238,-38.03204786752569
YELLOW,-380.37857031005535,-36.45347649607314
YELLOW,-378.2738054258705,-34.328936979795074
YELLOW,-376.5115814499899,-31.903897864597624
YELLOW,-374.40520650027383,-29.780609154589996
YELLOW,-371.86811707717607,-28.194183498545968
YELLOW,-369.073062723382,-27.11956993536691
YELLOW,-366.1505260473781,-26.459505720273285
YELLOW,-363.17355685863834,-26.11326365372811
YELLOW,-360.1781759277342,-26.000688813577483
YELLOW,-357.18107219511353,-26.062624425105895
YELLOW,-354.18940936927163,-26.25560376562518
YELLOW,-351.20558668387264,-26.54639838567563
YELLOW,-348.2295911799812,-26.909022930524912
YELLOW,-345.26014170797214,-27.322046497444703
YELLOW,-342.29527232356077,-27.76686617066997
YELLOW,-339.3326033919154,-28.2261586321181
YELLOW,-336.36955113883505,-28.682963369556205
YELLOW,-333.40342618425416,-29.119295840245357
YELLOW,-330.43159817900454,-29.51472901695162
YELLOW,-327.4518254304717,-29.844531328661162
YELLOW,-324.46298330828137,-30.076966363410108
YELLOW,-321.4667155743858,-30.16837407561175
YELLOW,-318.4715759121774,-30.056520622415633
YELLOW,-315.5030001276212,-29.649999251472593
YELLOW,-312.6265080101109,-28.818589362542696
YELLOW,-309.98778976125675,-27.411144293412107
YELLOW,-307.82626896475006,-25.349225501716887
YELLOW,-306.3537380445543,-22.749259398926498
YELLOW,-305.5823652347947,-19.858580013528282
YELLOW,-305.3143349517054,-16.874084481283504
YELLOW,-305.30036486186157,-13.876819107132633
YELLOW,-305.5399909876223,-10.889414892712097
YELLOW,-306.0757020779182,-7.941069918752831
YELLOW,-306.9451030341145,-5.073787058970709
YELLOW,-308.17245176245666,-2.3408903098826954
YELLOW,-309.75809520611267,0.20076296227878743
YELLOW,-311.6738224627147,2.504021025175433
YELLOW,-313.8693655934635,4.542805472134802
YELLOW,-316.28546995130836,6.315400858631477
YELLOW,-318.8665128297121,7.838644906543323
YELLOW,-321.5664330525795,9.140326516672303
YELLOW,-324.3506491619133,10.250952766753073
YELLOW,-327.1942151083587,11.199874996660071
YELLOW,-330.07954635640994,12.013412519975873
YELLOW,-332.9944127333931,12.714112419663195
YELLOW,-335.9302586289664,13.321185358128105
YELLOW,-338.8811113430821,13.85071546222784
YELLOW,-341.8427343682612,14.316400813218252
YELLOW,-344.8121178769103,14.729841945080693
YELLOW,-347.7871033242327,15.10092199445532
YELLOW,-350.76610318054225,15.438330392638193
YELLOW,-353.74795512350704,15.749578665149926
YELLOW,-356.7317796580802,16.0413468705257
YELLOW,-359.71689349934434,16.319638084404232
YELLOW,-362.7027467917002,16.58989343226321
YELLOW,-365.68887444647885,16.857104911359244
YELLOW,-368.6748572427424,17.1259280381407
YELLOW,-371.6602942041768,17.40073886389743
YELLOW,-374.6447772012027,17.685710806114088
YELLOW,-377.62787294305645,17.984839380924342
YELLOW,-380.60910127712293,18.302020307724604
YELLOW,-383.5879185780607,18.64107679981109
YELLOW,-386.563700476535,19.005792001910663
YELLOW,-389.5357241857416,19.39993766770391
YELLOW,-392.5031499390059,19.82729926243985
YELLOW,-395.46500113573927,20.29169750918868
YELLOW,-398.4201428758963,20.7970062234954
YELLOW,-401.3672586556926,21.347166098394382
YELLOW,-404.30482511092043,21.946193909638026
YELLOW,-407.23108484099305,22.59818641194846
YELLOW,-410.144017539629,23.30731799743228
YELLOW,-413.04130990980536,24.077830998828006
YELLOW,-415.9203251627624,24.914017362104232
YELLOW,-418.7780733011041,25.820190313222554
YELLOW,-421.611183864508,26.8006446408898
YELLOW,-424.4158833605039,27.85960435918477
YELLOW,-427.1879801805294,29.0011568569696
YELLOW,-429.922792117002,30.229319009840992
YELLOW,-432.6153304801527,31.54754420677645
YELLOW,-435.2601909366397,32.95896109497079
YELLOW,-437.851635065285,34.4661819346145
YELLOW,-440.38368109852183,36.07116421310124
YELLOW,-442.85110659234147,37.77382020639894
YELLOW,-445.25042735251304,39.57117049450841
YELLOW,-447.5771799849389,41.46150767800319
YELLOW,-449.82532945301546,43.44465832484329
YELLOW,-451.98648384040325,45.52222983207227
YELLOW,-454.0498534297517,47.69688137994646
YELLOW,-456.00040093130167,49.9731818612928
YELLOW,-457.8174453946335,52.35726710838662
YELLOW,-459.4716042537111,54.856898619099894
YELLOW,-460.92065591907067,57.480391943936525
YELLOW,-462.10133067746847,60.23446870509585
YELLOW,-462.9183414202229,63.11622943544006
YELLOW,-463.23240752310335,66.0928994780046
YELLOW,-462.8707250798144,69.06089134072735
YELLOW,-461.7297161956461,71.82304806094251
YELLOW,-459.9564570000364,74.23387978147389
YELLOW,-457.7915726833942,76.30410382517312
YELLOW,-455.3864759295989,78.09170923535274
YELLOW,-452.82704680989775,79.65146420193622
YELLOW,-450.1627817331745,81.0251431101901
YELLOW,-447.42371772024717,82.24326214003767
YELLOW,-444.62901933853175,83.32793664891258
YELLOW,-441.79149395732554,84.29523112226411
YELLOW,-438.9198972039637,85.15624906231614
YELLOW,-436.0205507621803,85.91869425657643
YELLOW,-433.0979840030543,86.58666350047133
YELLOW,-430.1553551519178,87.15981646403284
YELLOW,-427.19570898870677,87.63737047139787
YELLOW,-424.2221838699993,88.01910854358431
YELLOW,-421.23798656215615,88.30575692571705
YELLOW,-418.2462800397044,88.498982439414
YELLOW,-415.25007192598923,88.6010999089903
YELLOW,-412.25215084626984,88.615739747417
YELLOW,-409.2549738390286,88.54688803998076
YELLOW,-406.26061982830436,88.39951441800693
YELLOW,-403.27074040856826,88.17913992544314
YELLOW,-400.28654305844896,87.8917721301107
YELLOW,-397.308788190198,87.54383887907764
YELLOW,-394.33780523033386,87.14208725919829
YELLOW,-391.37352359037936,86.6934955951028
YELLOW,-388.4155147693324,86.20520015494606
YELLOW,-385.4630421840068,85.68443674585833
YELLOW,-382.5151158984355,85.13849622132184
YELLOW,-379.57055008259863,84.57469209050066
YELLOW,-376.62802166971926,84.00033786430396
YELLOW,-373.6861289415965,83.42273289659278
YELLOW,-370.74344964614374,82.84915305517
YELLOW,-367.7985998984632,82.28683542084372
YELLOW,-364.8502905651386,81.74296941635555
YELLOW,-361.8973828374674,81.22468126052112
YELLOW,-358.93894201331466,80.73901118959287
YELLOW,-355.97428807329027,80.29288408231676
YELLOW,-353.0030340002729,79.8931344790582
YELLOW,-350.0251478627665,79.5463120963133
YELLOW,-347.04097261200036,79.25868309298662
YELLOW,-344.05129157762883,79.03546822402865
YELLOW,-341.1404534295539,78.38007768311232
YELLOW,-338.5523636047359,76.88261563803528
YELLOW,-336.30039372826013,74.9074945097639
YELLOW,-334.2720055322834,72.70074280679822
YELLOW,-332.3568198543856,70.39426813157033
YELLOW,-330.4616224949283,68.07123165546207
YELLOW,-328.5011417553371,65.8033794180628
YELLOW,-326.3897673934024,63.67639003072253
YELLOW,-324.0426459072358,61.81548851449719
YELLOW,-321.40532998472986,60.401272095249226
YELLOW,-318.5144992419837,59.6375607043382
YELLOW,-315.5238400681351,59.620514447451114
YELLOW,-312.59517641492414,60.239547519025535
YELLOW,-309.83825567729633,61.40521183594373
YELLOW,-307.4101948835685,63.149280063989266
YELLOW,-305.6773086052444,65.57163833263488
YELLOW,-305.0146068236451,68.47788951282101
YELLOW,-305.23884008757346,71.46113898538798
YELLOW,-305.94204628451575,74.37411449981232
YELLOW,-306.8338191980655,77.2363566400476
YELLOW,-307.7243924893754,80.09897580751706
YELLOW,-308.449099986342,83.00713323889289
YELLOW,-308.81224913092456,85.97980936506889
YELLOW,-308.55874941225085,88.9591446675133
YELLOW,-307.5464016858233,91.77289039027687
YELLOW,-305.9052615623788,94.27383382817649
YELLOW,-303.6877985383772,96.2755286815268
YELLOW,-300.8929044403824,97.2522519473645
YELLOW,-298.03252748197565,96.47169146322904
YELLOW,-295.57928958807577,94.75833098371677
YELLOW,-293.40998475343804,92.69091631964011
YELLOW,-291.40649226135787,90.46110535265814
YELLOW,-289.4927760673604,88.15339013508483
YELLOW,-287.61029265936367,85.82002194079226
YELLOW,-285.7009887608695,83.50865725616237
YELLOW,-283.68728351268555,81.28838516711642
YELLOW,-281.4359011026659,79.31419296624964
YELLOW,-278.73688865375993,78.0644902404319
YELLOW,-275.84587457371924,78.55800939782984
YELLOW,-273.6732751720008,80.59646955911148
YELLOW,-272.0168235522438,83.09330950112516
YELLOW,-270.5080972075757,85.68404832063953
YELLOW,-268.9438616865678,88.24123771564112
YELLOW,-267.14877310974003,90.63943585232315
YELLOW,-264.893508728052,92.59679322607616
YELLOW,-262.10568784386487,93.66248236833695
YELLOW,-259.13201546331226,94.01262333983792
YELLOW,-256.1346258069117,94.00588774177285
YELLOW,-253.1385612365766,93.89683993782532
YELLOW,-250.14124913952958,93.90163283876026
YELLOW,-247.17118878215928,94.2799704367813
YELLOW,-244.3882390926783,95.362351669606
YELLOW,-242.1417906594973,97.32456015741633
YELLOW,-240.5228186492065,99.84109174601048
YELLOW,-239.32082853367837,102.58594467478989
YELLOW,-238.33400447766508,105.41664106935903
YELLOW,-237.40669013936053,108.26767495422297
YELLOW,-236.37925232900142,111.08349836153874
YELLOW,-234.98186340546863,113.72859394518954
YELLOW,-232.6003098058069,115.43162604550284
YELLOW,-229.62012720385786,115.48090908687425
YELLOW,-226.69282863975752,114.84356929460841
YELLOW,-223.8285304183073,113.95906777742837
YELLOW,-220.98715032531322,113.00257032028267
YELLOW,-218.13410564814734,112.08178496184294
YELLOW,-215.24192214995344,111.29405472218752
YELLOW,-212.29431566448693,110.75444412169085
YELLOW,-209.30281892182995,110.61786099152724
YELLOW,-206.34666956428077,111.0749183793049
YELLOW,-203.59691421340995,112.24966162816517
YELLOW,-201.17812824219305,114.01228419661345
YELLOW,-199.13054107667148,116.1968048437065
YELLOW,-197.493428853541,118.70402559682123
YELLOW,-196.2852322925632,121.44469912401567
YELLOW,-195.45911108229535,124.3248368590001
YELLOW,-194.92736871174776,127.27448392062249
YELLOW,-194.59073933707373,130.25327445785754
YELLOW,-194.35549058203145,133.24204184126862
YELLOW,-194.13571178714426,136.23202383716594
YELLOW,-193.84984315696425,139.2162603705709
YELLOW,-193.4171561565928,142.18242310224426
YELLOW,-192.75608056609883,145.10560611803285
YELLOW,-191.79244531047306,147.94273145073484
YELLOW,-190.49028172198854,150.64133279925974
YELLOW,-188.91147504339676,153.1886391066138
YELLOW,-187.10628353919344,155.58104838290157
YELLOW,-185.08602336444403,157.7944665524325
YELLOW,-182.7987739841426,159.72668369689646
YELLOW,-180.04149121253118,160.4706121222687
YELLOW,-178.60302775702144,157.9022937427063
YELLOW,-178.0164442766673,154.96499176948484
YELLOW,-177.7373699845561,151.98060750424858
YELLOW,-177.62702940876682,148.9848201022289
YELLOW,-177.62527666945238,145.98687145020025
YELLOW,-177.6994803330931,142.98978854294435
YELLOW,-177.82975236383396,139.9945938152354
YELLOW,-178.00286769859372,137.00155641970954
YELLOW,-178.20945285625362,134.0106353587294
YELLOW,-178.44254917266585,131.02165906542538
YELLOW,-178.69682267340778,128.03440694569574
YELLOW,-178.9680409303271,125.04864378120257
YELLOW,-179.25271819528973,122.06413259976767
YELLOW,-179.54795793429037,119.08064697515294
YELLOW,-179.851283113776,116.09797199302511
YELLOW,-180.16052007777301,113.1159037825912
YELLOW,-180.4737315646591,110.13425018707451
YELLOW,-180.78916549987247,107.15283078023023
YELLOW,-181.10517986548098,104.17147281376569
YELLOW,-181.42023613178338,101.19001348899997
YELLOW,-181.73285738755743,98.20829795942873
YELLOW,-182.04158446343104,95.22617687354366
YELLOW,-182.34500254074555,92.2435111585103
YELLOW,-182.6416165664507,89.26016141394513
YELLOW,-182.92997145631824,86.27600243360737
YELLOW,-183.2085015568727,83.29091085776057
YELLOW,-183.47554216265814,80.30477009122856
YELLOW,-183.72938530842748,77.31747918107351
YELLOW,-183.96804618190197,74.32893786772064
YELLOW,-184.1895000696827,71.33907339013595
YELLOW,-184.39139497849567,68.34782577104446
YELLOW,-184.57104420375003,65.35516151128937
YELLOW,-184.72551210211492,62.361094324069
YELLOW,-184.85132711778277,59.36568935465971
YELLOW,-184.94445341975143,56.36909385713204
YELLOW,-184.99999227841585,53.371571690448064
YELLOW,-185.01226496237342,50.373567821889765
YELLOW,-184.97404134885772,47.37579366602432
YELLOW,-184.8765999070685,44.379376119040586
YELLOW,-184.70844023151244,41.38612044384942
YELLOW,-184.45507656785213,38.3989127088538
YELLOW,-184.0968684714818,35.422524777941845
YELLOW,-183.6066057452511,32.46514137764595
YELLOW,-182.9459498846772,29.54134421802732
YELLOW,-182.05911583084566,26.678547928630138
YELLOW,-180.8646304447068,23.93106114866768
YELLOW,-179.2509843278366,21.409759644825016
YELLOW,-177.10801220033983,19.326181779026427
YELLOW,-174.44530693961815,17.97780543116602
YELLOW,-171.49049739900005,17.546353155452692
YELLOW,-168.52382191833408,17.928566393064273
YELLOW,-165.685310487484,18.883305218145125
YELLOW,-162.97991995233417,20.17378877021457
YELLOW,-160.3445317840065,21.602623430558936
YELLOW,-157.77497579564294,23.14674443856532
YELLOW,-155.27359286081793,24.799054435091108
YELLOW,-152.84190945653808,26.552359718330592
YELLOW,-150.48012589958182,28.39877743146411
YELLOW,-148.18782948515758,30.3308173188706
YELLOW,-145.96364003065128,32.34091585232551
YELLOW,-143.80557682634867,34.42187450938741
YELLOW,-141.71115754208915,36.56689989259314
YELLOW,-139.6773149189412,38.769467322314995
YELLOW,-137.70086724229407,41.02369835637947
YELLOW,-135.77817887683665,43.32396876529921
YELLOW,-133.90550678595633,45.66515252939956
YELLOW,-132.0790793360311,48.0426014112864
YELLOW,-130.2948809636847,50.451913615529946
YELLOW,-128.54889974043448,52.88907246925319
YELLOW,-126.8371326499352,55.35039030197515
YELLOW,-125.15575809429271,57.83257413599719
YELLOW,-123.50259256895487,60.33363660842079
YELLOW,-121.87605564891066,62.852100279063734
YELLOW,-120.27442814097321,65.3864801948439
YELLOW,-118.69597452446828,67.93535973699525
YELLOW,-117.13895305998454,70.49738946422082
YELLOW,-115.60150086464591,73.07121180932606
YELLOW,-114.08180564500987,75.65555989130974
YELLOW,-112.5779532918437,78.24916039404678
YELLOW,-111.08804593796185,80.85079789981066
YELLOW,-109.61013450015412,83.45926961935771
YELLOW,-108.1422552472032,86.07340080761264
YELLOW,-106.68241470381281,88.69203032378377
YELLOW,-105.22860050170175,91.31401085594601
YELLOW,-103.77877152072938,93.93819746664494
YELLOW,-102.33087100072868,96.56344876907741
YELLOW,-100.88281476091674,99.18861416786052
YELLOW,-99.43249648409494,101.8125303426406
YELLOW,-97.97778965938522,104.43401564180377
YELLOW,-96.51655010000945,107.05186456198294
YELLOW,-95.04659907754933,109.66483104342356
YELLOW,-93.56574411699233,112.27163233746072
YELLOW,-92.07178098397344,114.87094222052417
YELLOW,-90.56247985062384,117.46137460722463
YELLOW,-89.03559453714121,120.04147965490694
YELLOW,-87.48886614777331,122.60973621993932
YELLOW,-85.92002513473892,125.16454277661867
YELLOW,-84.32680563301773,127.7042153470642
YELLOW,-82.70695006009191,130.22697930715722
YELLOW,-81.05819994309076,132.7309514044761
YELLOW,-79.37833319461618,135.21415133616964
YELLOW,-77.66516415650517,137.6744897360342
YELLOW,-75.91655811489909,140.10976537657186
YELLOW,-74.13044860571571,142.51766478657575
YELLOW,-72.30166702447715,144.89328568326292
YELLOW,-70.41552106693538,147.22358895574163
YELLOW,-68.4754162166185,149.50920322698684
YELLOW,-66.49214299960073,151.757481720727
YELLOW,-64.4716842266939,153.97241186069655
YELLOW,-62.41699739916612,156.1556313817932
YELLOW,-60.329524012202825,158.30752373426523
YELLOW,-58.20944009200551,160.4272927454481
YELLOW,-56.05597291244578,162.51313448543962
YELLOW,-53.867447194939814,164.562153486607
YELLOW,-51.64121023505186,166.5701224755916
YELLOW,-49.37346129338823,168.5310653110358
YELLOW,-47.05897340263061,170.43657890884995
YELLOW,-44.69043884755328,172.274411548644
YELLOW,-42.25756460696175,174.02605031399807
YELLOW,-39.74541817909599,175.66166543283563
YELLOW,-37.13161417659285,177.12850805482393
YELLOW,-34.38190566980671,178.3176682497021
YELLOW,-31.45974257595691,178.93813847698542
YELLOW,-28.736318668969886,177.95677430241435
YELLOW,-27.57355830483064,175.23123782702433
YELLOW,-27.301432772094955,172.24964254368504
YELLOW,-27.472830732159593,169.25863542284188
YELLOW,-28.03890821868825,166.31679435036236
YELLOW,-28.984697501461255,163.47394073670208
YELLOW,-30.262776318467218,160.7636821095986
YELLOW,-31.811215479060508,158.19772234953015
YELLOW,-33.56849753078072,155.76952343029726
YELLOW,-35.480638803352065,153.4609219075048
YELLOW,-37.50285903206503,151.24784041680235
YELLOW,-39.59814404734408,149.10363371700575
YELLOW,-41.7343291406726,147.00007627408823
YELLOW,-43.8879138637073,144.91431141659163
YELLOW,-46.0449795781615,142.83214295982626
YELLOW,-48.19173955883136,140.7393628347219
YELLOW,-50.31354013015567,138.62131120772338
YELLOW,-52.39473837090918,136.46339853584735
YELLOW,-54.418680000472705,134.2517593260283
YELLOW,-56.36783869108024,131.9740156099722
YELLOW,-58.22420463092837,129.62011489169262
YELLOW,-59.969981764915076,127.18314724810025
YELLOW,-61.58858030635395,124.65998370652167
YELLOW,-63.065350445593424,122.05132583677161
YELLOW,-64.38954967034354,119.36203669196848
YELLOW,-65.55407658124864,116.59985695531103
YELLOW,-66.5564955769735,113.77478429020508
YELLOW,-67.39800935493824,110.89764469076479
YELLOW,-68.08392730817147,107.97945472354286
YELLOW,-68.62162959719362,105.03031081713092
YELLOW,-69.02060423506529,102.05917487065517
YELLOW,-69.290480339672,99.07350803902227
YELLOW,-69.4345907470969,96.07914903451575
YELLOW,-69.44186137033643,93.0813956676827
YELLOW,-69.28764073415417,90.08775665497464
YELLOW,-68.92841140138665,87.11209905910562
YELLOW,-68.28525180768645,84.18558169527446
YELLOW,-67.21693546416185,81.38912907932641
YELLOW,-65.48913656592194,78.95552746586145
YELLOW,-62.94392664691958,77.42844550646416
YELLOW,-59.97533719085675,77.2858559136863
YELLOW,-57.05656419470586,77.96609782728376
YELLOW,-54.10880056733441,78.50468259306263
YELLOW,-51.12171896767612,78.74801754318338
YELLOW,-48.12501807198723,78.71328414133711
YELLOW,-45.15128000005777,78.3496681327866
YELLOW,-42.32959149292731,77.38214829663227
YELLOW,-41.55572216809864,74.791171421243
YELLOW,-42.996845639615316,72.17357307638011
YELLOW,-44.8782867398275,69.84124031112236
YELLOW,-46.94104808821223,67.6662145987745
YELLOW,-49.10442781990167,65.59086465485046
YELLOW,-51.33165159378598,63.58404413748207
YELLOW,-53.602651051229145,61.626837181592435
YELLOW,-55.90483713144894,59.70638046148369
YELLOW,-58.22989164044128,57.81365747619742
YELLOW,-60.57179153509858,55.94180806039381
YELLOW,-62.926060676496036,54.08553396989322
YELLOW,-65.28911489922558,52.24045304729509
YELLOW,-67.65802267749058,50.40289168321496
YELLOW,-70.03028141859303,48.569657441295846
YELLOW,-72.40365449814786,46.73786580010935
YELLOW,-74.77609558607978,44.904867478984016
YELLOW,-77.14563521098694,43.06812063650685
YELLOW,-79.51041183438952,41.22524651675826
YELLOW,-81.86943673006778,39.37501566313472
YELLOW,-84.22244934114718,37.51714493086291
YELLOW,-86.56913602026123,35.65129048852094
YELLOW,-88.90917556118882,33.77710661070847
YELLOW,-91.24215865086586,31.894146456696376
YELLOW,-93.5676771583955,30.001975357796084
YELLOW,-95.88517403398384,28.09998840196579
YELLOW,-98.1941012539711,26.18760800210012
YELLOW,-100.49377864783338,24.264115084952323
YELLOW,-102.78341116265238,22.328676898565504
YELLOW,-105.06207030941346,20.38033236760444
YELLOW,-107.32866616970853,18.417968583987374
YELLOW,-109.58191192904923,16.44029186714218
YELLOW,-111.82019601313368,14.445700008921875
YELLOW,-114.04163198807993,12.432363945623308
YELLOW,-116.24377938640419,10.397952589357288
YELLOW,-118.42359458824802,8.339637275990128
YELLOW,-120.57718062479711,6.253903648961511
YELLOW,-122.699216836716,4.136093569647215
YELLOW,-124.78252209237138,1.9801954097897863
YELLOW,-126.8165761571695,-0.22218977685935215
YELLOW,-128.78558481501517,-2.482835553440651
YELLOW,-130.66359110682765,-4.819457921085814
YELLOW,-132.40334367430097,-7.260319911815074
YELLOW,-133.90550505742232,-9.852701519267953
YELLOW,-134.91491498938956,-12.66691513571486
YELLOW,-134.74926060682634,-15.619912232340127
YELLOW,-132.78740817342867,-17.804152302754048
YELLOW,-129.92740411114363,-18.63883116906075
YELLOW,-126.933558820673,-18.69827030197841
YELLOW,-123.95325236881757,-18.382598014738335
YELLOW,-121.00562684727163,-17.837907549792348
YELLOW,-118.09445516361501,-17.122811358281183
YELLOW,-115.22184514240962,-16.265589149443656
YELLOW,-112.39062294577906,-15.280150385506786
YELLOW,-109.60495651766377,-14.172443931044967
YELLOW,-106.86921143012125,-12.946562290754088
YELLOW,-104.18354855315465,-11.614440467182348
YELLOW,-101.54628060105614,-10.188839055494128
YELLOW,-98.9551463281336,-8.680956225889773
YELLOW,-96.40788369106912,-7.100048359149255
YELLOW,-93.90171999196866,-5.454734994200365
YELLOW,-91.4340589536236,-3.7521935683687673
YELLOW,-89.00230111128036,-1.9987335345660426
YELLOW,-86.60388968241932,-0.19991563175642568
YELLOW,-84.2363377847496,1.6393408000660088
YELLOW,-81.89724199023067,3.5146625022152023
YELLOW,-79.58428596273484,5.422138219134894
YELLOW,-77.29523692282788,7.358244678556645
YELLOW,-75.02793689102532,9.319781256620558
YELLOW,-72.7802900447845,11.303811894292778
YELLOW,-70.55027048387436,13.307638704505933
YELLOW,-68.3358342183241,15.3286763355664
YELLOW,-66.13495299293012,17.36446934264694
YELLOW,-63.94559954046238,19.412656753441297
YELLOW,-61.76570717834832,21.470912537897874
YELLOW,-59.593141068602165,23.53690138638555
YELLOW,-57.42566562848856,25.608231360162648
YELLOW,-55.260907530279155,27.682401648945728
YELLOW,-53.09629341361202,29.756722224372226
YELLOW,-50.928997331940195,31.82823977101617
YELLOW,-48.755851264903356,33.89361779306708
YELLOW,-46.57321894328979,35.94896518542686
YELLOW,-44.37687252405442,37.98964538039888
YELLOW,-42.161735428782094,40.009902941465725
YELLOW,-39.92161304607902,42.00240289849336
YELLOW,-37.64865294502829,43.95732869577304
YELLOW,-35.33274922091445,45.86112773673952
YELLOW,-32.96011603262116,47.69361903761316
YELLOW,-30.511791678602577,49.423396389484935
YELLOW,-27.960086773523017,50.99587962136127
YELLOW,-25.264818866968852,52.30407123513612
YELLOW,-22.38164467930946,53.095648308723696
YELLOW,-19.449418360274848,52.711178010391706
YELLOW,-17.271898784332166,50.704474370853916
YELLOW,-15.972531383243677,48.010904447451566
YELLOW,-15.167891834747053,45.124955283949134
YELLOW,-14.666273207957488,42.17011941952208
YELLOW,-14.399693776513516,39.18462075419504
YELLOW,-14.348442025116668,36.187641739403006
YELLOW,-14.516784697625639,33.19504530284169
YELLOW,-14.928698725021007,30.226404954581426
ORANGE,5.85,1.6
ORANGE,5.85,-1.6
ORANGE,6.15,1.6
ORANGE,6.15,-1.6
